gene_symbol,ensembl_id,replogle:K562_essential_normalized_bulk,replogle:K562_essential_raw_bulk,replogle:K562_essential_raw_singlecell,replogle:K562_gwps_normalized_bulk,replogle:K562_gwps_raw_bulk,replogle:K562_gwps_raw_singlecell,replogle:rpe1_normalized_bulk,replogle:rpe1_raw_bulk,replogle:rpe1_raw_singlecell,lincs:level5_beta_ctl_n58022x12328,lincs:level5_beta_ctl_n58022x12328:landmark,lincs:level5_beta_trt_xpr_n142901x12328,lincs:level5_beta_trt_xpr_n142901x12328:landmark
TSPAN6,ENSG00000000003,False,False,False,False,False,False,True,True,True,True,True,True,True
SCYL3,ENSG00000000457,True,True,True,True,True,True,False,False,False,True,True,True,True
FUCA2,ENSG00000001036,True,True,True,True,True,True,True,True,True,False,False,False,False
BAD,ENSG00000002330,True,True,True,True,True,True,True,True,True,True,True,True,True
LAP3,ENSG00000002549,True,True,True,True,True,True,True,True,True,True,True,True,True
SNX11,ENSG00000002919,False,False,False,False,False,False,True,True,True,True,True,True,True
CASP10,ENSG00000003400,True,True,True,True,True,True,False,False,False,True,True,True,True
CFLAR,ENSG00000003402,True,True,True,True,True,True,True,True,True,True,True,True,True
FKBP4,ENSG00000004478,True,True,True,True,True,True,True,True,True,True,True,True,True
RBM6,ENSG00000004534,True,True,True,True,True,True,True,True,True,True,True,True,True
SLC25A13,ENSG00000004864,True,True,True,True,True,True,True,True,True,True,True,True,True
ST7,ENSG00000004866,True,True,True,True,True,True,True,True,True,True,True,True,True
UPF1,ENSG00000005007,True,True,True,True,True,True,True,True,True,True,False,True,False
CIAPIN1,ENSG00000005194,True,True,True,True,True,True,True,True,True,True,True,True,True
WDR54,ENSG00000005448,True,True,True,True,True,True,True,True,True,False,False,False,False
MYCBP2,ENSG00000005810,True,True,True,True,True,True,True,True,True,True,True,True,True
ITGAL,ENSG00000005844,False,False,False,False,False,False,False,False,False,True,False,True,False
TAC1,ENSG00000006128,False,False,False,False,False,False,False,False,False,True,False,True,False
RALA,ENSG00000006451,True,True,True,True,True,True,True,True,True,True,True,True,True
ETV1,ENSG00000006468,False,False,False,False,False,False,True,True,True,True,True,True,True
TBXA2R,ENSG00000006638,True,True,True,True,True,True,False,False,False,True,True,True,True
PAF1,ENSG00000006712,True,True,True,True,True,True,True,True,True,True,True,True,True
ELAC2,ENSG00000006744,True,True,True,True,True,True,True,True,True,True,True,True,True
ARSD,ENSG00000006756,False,False,False,False,False,False,False,False,False,True,False,True,False
MYH13,ENSG00000006788,False,False,False,False,False,False,False,False,False,True,False,True,False
PAFAH1B1,ENSG00000007168,True,True,True,True,True,True,True,True,True,True,True,True,True
KIAA0100,ENSG00000007202,True,True,True,True,True,True,True,True,True,True,True,True,True
TRAPPC6A,ENSG00000007255,True,True,True,True,True,True,False,False,False,True,True,True,True
E2F2,ENSG00000007968,True,True,True,True,True,True,False,False,False,True,True,True,True
PSMB1,ENSG00000008018,True,True,True,True,True,True,True,True,True,True,False,True,False
SYPL1,ENSG00000008282,True,True,True,True,True,True,True,True,True,True,True,True,True
CYB561,ENSG00000008283,True,True,True,True,True,True,True,True,True,True,True,True,True
RHOBTB2,ENSG00000008853,False,False,False,False,False,False,False,False,False,True,False,True,False
UBE3C,ENSG00000009335,True,True,True,True,True,True,True,True,True,True,True,True,True
TENM1,ENSG00000009694,False,False,False,False,False,False,False,False,False,True,False,True,False
NCAPD2,ENSG00000010292,True,True,True,True,True,True,True,True,True,True,True,True,True
SEMA3G,ENSG00000010319,False,False,False,False,False,False,False,False,False,True,False,True,False
NISCH,ENSG00000010322,True,True,True,True,True,True,True,True,True,True,True,True,True
BTK,ENSG00000010671,True,True,True,True,True,True,False,False,False,True,True,True,True
FYN,ENSG00000010810,True,True,True,True,True,True,True,True,True,True,True,True,True
FMO1,ENSG00000010932,False,False,False,False,False,False,False,False,False,True,False,True,False
MKS1,ENSG00000011143,True,True,True,True,True,True,False,False,False,True,False,True,False
AKAP8L,ENSG00000011243,True,True,True,True,True,True,True,True,True,True,True,True,True
SYT7,ENSG00000011347,False,False,False,False,False,False,False,False,False,False,False,False,False
BRCA1,ENSG00000012048,True,True,True,True,True,True,True,True,True,True,True,True,True
LTF,ENSG00000012223,False,False,False,False,False,False,False,False,False,True,False,True,False
UBR7,ENSG00000012963,True,True,True,True,True,True,True,True,True,True,True,True,True
MAP4K5,ENSG00000012983,True,True,True,True,True,True,True,True,True,True,False,True,False
MVP,ENSG00000013364,False,False,False,False,False,False,True,True,True,True,True,True,True
HEBP1,ENSG00000013583,False,False,False,False,False,False,True,True,True,True,True,True,True
MAMLD1,ENSG00000013619,False,False,False,False,False,False,False,False,False,True,True,True,True
CD6,ENSG00000013725,False,False,False,False,False,False,False,False,False,True,False,True,False
CAPN1,ENSG00000014216,True,True,True,True,True,True,True,True,True,True,True,True,True
BID,ENSG00000015475,True,True,True,True,True,True,True,True,True,True,True,True,True
NUDCD3,ENSG00000015676,True,True,True,True,True,True,True,True,True,True,True,True,True
ATP2C1,ENSG00000017260,True,True,True,True,True,True,True,True,True,True,True,True,True
MNAT1,ENSG00000020426,True,True,True,True,True,True,True,True,True,True,True,True,True
SLC7A9,ENSG00000021488,False,False,False,False,False,False,False,False,False,True,False,True,False
ZDHHC6,ENSG00000023041,True,True,True,True,True,True,True,True,True,True,True,True,True
RNH1,ENSG00000023191,True,True,True,True,True,True,True,True,True,True,True,True,True
ALAS1,ENSG00000023330,True,True,True,True,True,True,True,True,True,True,True,True,True
DERA,ENSG00000023697,True,True,True,True,True,True,True,True,True,True,True,True,True
TOMM34,ENSG00000025772,True,True,True,True,True,True,True,True,True,True,True,True,True
FAS,ENSG00000026103,False,False,False,False,False,False,True,True,True,True,True,True,True
CD44,ENSG00000026508,False,False,False,False,False,False,True,True,True,True,True,True,True
PRKCH,ENSG00000027075,False,False,False,False,False,False,False,False,False,True,True,True,True
SH2D2A,ENSG00000027869,False,False,False,False,False,False,False,False,False,True,False,True,False
TBPL1,ENSG00000028839,True,True,True,True,True,True,True,True,True,True,True,True,True
RABEP1,ENSG00000029725,True,True,True,True,True,True,True,True,True,True,False,True,False
GRN,ENSG00000030582,True,True,True,True,True,True,True,True,True,True,True,True,True
APBA2,ENSG00000034053,True,True,True,True,True,True,True,True,True,True,False,True,False
NSMAF,ENSG00000035681,True,True,True,True,True,True,True,True,True,True,False,True,False
TIMP2,ENSG00000035862,False,False,False,False,False,False,True,True,True,True,True,True,True
OTC,ENSG00000036473,False,False,False,False,False,False,False,False,False,True,False,True,False
RIPOR1,ENSG00000039523,False,False,False,False,False,False,True,True,True,True,False,True,False
RAI14,ENSG00000039560,True,True,True,True,True,True,True,True,True,True,True,True,True
JADE2,ENSG00000043143,False,False,False,False,False,False,True,True,True,True,True,True,True
EPHA3,ENSG00000044524,False,False,False,False,False,False,False,False,False,True,True,True,True
DSG2,ENSG00000046604,True,True,True,True,True,True,True,True,True,True,True,True,True
CELF2,ENSG00000048740,True,True,True,True,True,True,False,False,False,True,False,True,False
RFC2,ENSG00000049541,True,True,True,True,True,True,True,True,True,True,True,True,True
MCUR1,ENSG00000050393,True,True,True,True,True,True,True,True,True,True,True,True,True
MAPK9,ENSG00000050748,True,True,True,True,True,True,True,True,True,True,True,True,True
HERPUD1,ENSG00000051108,True,True,True,True,True,True,True,True,True,True,True,True,True
PIK3CB,ENSG00000051382,True,True,True,True,True,True,True,True,True,True,False,True,False
RRP12,ENSG00000052749,True,True,True,True,True,True,True,True,True,True,True,True,True
AKR7A2,ENSG00000053371,True,True,True,True,True,True,True,True,True,True,True,True,True
LAMA3,ENSG00000053747,False,False,False,False,False,False,False,False,False,True,True,True,True
TRAPPC3,ENSG00000054116,True,True,True,True,True,True,True,True,True,True,True,True,True
THRAP3,ENSG00000054118,True,True,True,True,True,True,True,True,True,True,False,True,False
ARID4B,ENSG00000054267,True,True,True,True,True,True,True,True,True,True,True,True,True
SYNE2,ENSG00000054654,False,False,False,False,False,False,True,True,True,True,True,True,True
DCBLD2,ENSG00000057019,True,True,True,True,True,True,True,True,True,True,False,True,False
SERPINB3,ENSG00000057149,False,False,False,False,False,False,False,False,False,True,False,True,False
PKP2,ENSG00000057294,False,False,False,False,False,False,True,True,True,True,False,True,False
ATP11B,ENSG00000058063,True,True,True,True,True,True,True,True,True,True,True,True,True
PPP1R12A,ENSG00000058272,True,True,True,True,True,True,True,True,True,True,False,True,False
ATP2B4,ENSG00000058668,False,False,False,False,False,False,True,True,True,True,False,True,False
TARBP1,ENSG00000059588,True,True,True,True,True,True,True,True,True,True,True,True,True
SLC2A3,ENSG00000059804,True,True,True,True,True,True,True,True,True,True,False,True,False
STYK1,ENSG00000060140,False,False,False,False,False,False,False,False,False,True,False,True,False
GNA15,ENSG00000060558,False,False,False,False,False,False,False,False,False,True,True,True,True
ACAA1,ENSG00000060971,True,True,True,True,True,True,True,True,True,True,True,True,True
SPAG4,ENSG00000061656,False,False,False,False,False,False,True,True,True,True,True,True,True
GUCY1B1,ENSG00000061918,False,False,False,False,False,False,False,False,False,True,False,True,False
CDH3,ENSG00000062038,False,False,False,False,False,False,False,False,False,True,True,True,True
DGAT2,ENSG00000062282,False,False,False,False,False,False,False,False,False,False,False,False,False
APPBP2,ENSG00000062725,True,True,True,True,True,True,True,True,True,True,True,True,True
GPC1,ENSG00000063660,False,False,False,False,False,False,True,True,True,True,True,True,True
LPAR2,ENSG00000064547,False,False,False,False,False,False,False,False,False,True,True,True,True
HMG20B,ENSG00000064961,True,True,True,True,True,True,True,True,True,True,True,True,True
TAF11,ENSG00000064995,True,True,True,True,True,True,True,True,True,True,False,True,False
AP3D1,ENSG00000065000,True,True,True,True,True,True,True,True,True,True,False,True,False
TRAM2,ENSG00000065308,True,True,True,True,True,True,True,True,True,True,True,True,True
DGKA,ENSG00000065357,False,False,False,False,False,False,True,True,True,True,False,True,False
ERBB3,ENSG00000065361,False,False,False,False,False,False,False,False,False,True,True,True,True
ADAT1,ENSG00000065457,True,True,True,True,True,True,True,True,True,True,True,True,True
PDIA5,ENSG00000065485,False,False,False,False,False,False,False,False,False,True,True,True,True
SPEN,ENSG00000065526,True,True,True,True,True,True,True,True,True,True,True,True,True
MYLK,ENSG00000065534,False,False,False,False,False,False,True,True,True,True,True,True,True
PRKCQ,ENSG00000065675,True,True,True,True,True,True,False,False,False,True,True,True,True
MTHFD2,ENSG00000065911,True,True,True,True,True,True,True,True,True,True,True,True,True
PPP2R5A,ENSG00000066027,True,True,True,True,True,True,True,True,True,True,True,True,True
ELAVL1,ENSG00000066044,True,True,True,True,True,True,True,True,True,True,True,True,True
KDM4A,ENSG00000066135,True,True,True,True,True,True,True,True,True,True,False,True,False
ZMYND12,ENSG00000066185,False,False,False,False,False,False,False,False,False,False,False,False,False
FGFR2,ENSG00000066468,False,False,False,False,False,False,False,False,False,True,True,True,True
ISOC1,ENSG00000066583,True,True,True,True,True,True,True,True,True,True,True,True,True
ATG2B,ENSG00000066739,False,False,False,False,False,False,True,True,True,True,False,True,False
MTFR1,ENSG00000066855,True,True,True,True,True,True,True,True,True,True,True,True,True
PLPP1,ENSG00000067113,False,False,False,False,False,False,True,True,True,True,False,True,False
PHKA1,ENSG00000067177,False,False,False,False,False,False,False,False,False,True,True,True,True
DHX29,ENSG00000067248,True,True,True,True,True,True,True,True,True,True,True,True,True
DNTTIP2,ENSG00000067334,True,True,True,True,True,True,True,True,True,True,True,True,True
TP53BP1,ENSG00000067369,True,True,True,True,True,True,True,True,True,True,True,True,True
RHOA,ENSG00000067560,True,True,True,True,True,True,True,True,True,True,True,True,True
IARS2,ENSG00000067704,True,True,True,True,True,True,True,True,True,True,True,True,True
HEATR6,ENSG00000068097,True,True,True,True,True,True,True,True,True,True,False,True,False
COASY,ENSG00000068120,True,True,True,True,True,True,True,True,True,True,True,True,True
TFE3,ENSG00000068323,False,False,False,False,False,False,True,True,True,True,False,True,False
FTSJ1,ENSG00000068438,True,True,True,True,True,True,True,True,True,True,False,True,False
NUP133,ENSG00000069248,True,True,True,True,True,True,True,True,True,True,True,True,True
PIGB,ENSG00000069943,False,False,False,False,False,False,False,False,False,True,True,True,True
GNB5,ENSG00000069966,False,False,False,False,False,False,True,True,True,True,True,True,True
RAB27A,ENSG00000069974,True,True,True,True,True,True,True,True,True,True,True,True,True
SCT,ENSG00000070031,False,False,False,False,False,False,False,False,False,True,False,True,False
ELP1,ENSG00000070061,True,True,True,True,True,True,True,True,True,True,True,True,True
NUCB2,ENSG00000070081,True,True,True,True,True,True,True,True,True,True,True,True,True
JMJD6,ENSG00000070495,True,True,True,True,True,True,True,True,True,True,True,True,True
POLB,ENSG00000070501,True,True,True,True,True,True,True,True,True,True,True,True,True
ST6GALNAC2,ENSG00000070731,False,False,False,False,False,False,False,False,False,True,True,True,True
CSNK2A2,ENSG00000070770,True,True,True,True,True,True,True,True,True,True,True,True,True
TCOF1,ENSG00000070814,True,True,True,True,True,True,True,True,True,True,False,True,False
NCK2,ENSG00000071051,False,False,False,False,False,False,True,True,True,True,True,True,True
MAP4K4,ENSG00000071054,True,True,True,True,True,True,True,True,True,True,True,True,True
SNX13,ENSG00000071189,True,True,True,True,True,True,True,True,True,True,True,True,True
PDCD2,ENSG00000071994,True,True,True,True,True,True,True,True,True,True,False,True,False
PRKACA,ENSG00000072062,True,True,True,True,True,True,True,True,True,True,True,True,True
ADGRL1,ENSG00000072071,True,True,True,True,True,True,False,False,False,True,False,True,False
EPN2,ENSG00000072134,True,True,True,True,True,True,True,True,True,True,True,True,True
SMC1A,ENSG00000072501,True,True,True,True,True,True,True,True,True,True,True,True,True
HSD17B10,ENSG00000072506,True,True,True,True,True,True,True,True,True,True,True,True,True
P4HA2,ENSG00000072682,False,False,False,False,False,False,True,True,True,True,True,True,True
NFATC3,ENSG00000072736,True,True,True,True,True,True,True,True,True,True,True,True,True
STK10,ENSG00000072786,True,True,True,False,False,False,True,True,True,True,True,True,True
MRVI1,ENSG00000072952,False,False,False,False,False,False,False,False,False,False,False,False,False
SCARB1,ENSG00000073060,True,True,True,True,True,True,True,True,True,True,True,True,True
KDM5A,ENSG00000073614,True,True,True,True,True,True,True,True,True,True,True,True,True
FERMT2,ENSG00000073712,True,True,True,True,True,True,True,True,True,True,False,True,False
CD5L,ENSG00000073754,False,False,False,False,False,False,False,False,False,True,False,True,False
PTGS2,ENSG00000073756,False,False,False,False,False,False,False,False,False,True,True,True,True
IGF2BP2,ENSG00000073792,True,True,True,True,True,True,True,True,True,True,True,True,True
GLI2,ENSG00000074047,False,False,False,False,False,False,False,False,False,True,True,True,True
EED,ENSG00000074266,True,True,True,True,True,True,True,True,True,True,True,True,True
BCS1L,ENSG00000074582,True,True,True,True,True,True,True,True,True,True,False,True,False
HACD3,ENSG00000074696,True,True,True,True,True,True,True,True,True,True,True,True,True
TUBE1,ENSG00000074935,True,True,True,True,True,True,True,True,True,False,False,False,False
TIPIN,ENSG00000075131,True,True,True,True,True,True,True,True,True,True,False,True,False
FOSL2,ENSG00000075426,False,False,False,False,False,False,True,True,True,True,False,True,False
CACNG5,ENSG00000075429,False,False,False,False,False,False,False,False,False,True,False,True,False
RAB7A,ENSG00000075785,True,True,True,True,True,True,True,True,True,True,False,True,False
ICAM3,ENSG00000076662,True,True,True,True,True,True,True,True,True,True,True,True,True
RAP1GAP,ENSG00000076864,False,False,False,False,False,False,False,False,False,True,True,True,True
STXBP2,ENSG00000076944,True,True,True,True,True,True,False,False,False,True,True,True,True
TM9SF3,ENSG00000077147,True,True,True,True,True,True,True,True,True,True,True,True,True
NFKB2,ENSG00000077150,False,False,False,False,False,False,True,True,True,True,True,True,True
IL4R,ENSG00000077238,False,False,False,False,False,False,True,True,True,True,True,True,True
USP33,ENSG00000077254,True,True,True,True,True,True,True,True,True,True,False,True,False
UBE2A,ENSG00000077721,True,True,True,True,True,True,True,True,True,True,True,True,True
FGFR1,ENSG00000077782,True,True,True,True,True,True,True,True,True,True,False,True,False
PIK3C3,ENSG00000078142,True,True,True,True,True,True,True,True,True,True,True,True,True
N4BP2,ENSG00000078177,True,True,True,True,True,True,True,True,True,False,False,False,False
ADCY2,ENSG00000078295,False,False,False,False,False,False,False,False,False,True,False,True,False
EDN1,ENSG00000078401,False,False,False,False,False,False,True,True,True,True,True,True,True
MLLT10,ENSG00000078403,True,True,True,True,True,True,True,True,True,True,False,True,False
P2RY10,ENSG00000078589,False,False,False,False,False,False,False,False,False,True,False,True,False
PCM1,ENSG00000078674,True,True,True,True,True,True,True,True,True,True,True,True,True
ITCH,ENSG00000078747,True,True,True,True,True,True,True,True,True,True,False,True,False
XRCC5,ENSG00000079246,True,True,True,True,True,True,True,True,True,True,False,True,False
MKNK1,ENSG00000079277,True,True,True,True,True,True,True,True,True,True,True,True,True
FDFT1,ENSG00000079459,True,True,True,True,True,True,True,True,True,True,True,True,True
PAFAH1B3,ENSG00000079462,True,True,True,True,True,True,True,True,True,True,True,True,True
CARMIL1,ENSG00000079691,True,True,True,True,True,True,True,True,True,True,True,True,True
PGM1,ENSG00000079739,False,False,False,False,False,False,True,True,True,True,True,True,True
EPB41L2,ENSG00000079819,True,True,True,True,True,True,True,True,True,True,True,True,True
KEAP1,ENSG00000079999,True,True,True,True,True,True,True,True,True,True,True,True,True
RAB21,ENSG00000080371,True,True,True,True,True,True,True,True,True,True,True,True,True
SESN1,ENSG00000080546,True,True,True,True,True,True,True,True,True,True,True,True,True
CNOT4,ENSG00000080802,True,True,True,True,True,True,True,True,True,True,True,True,True
MOK,ENSG00000080823,False,False,False,False,False,False,True,True,True,True,True,True,True
CXCL2,ENSG00000081041,False,False,False,False,False,False,False,False,False,True,True,True,True
MEF2C,ENSG00000081189,True,True,True,True,True,True,False,False,False,True,True,True,True
PTPRC,ENSG00000081237,False,False,False,False,False,False,False,False,False,True,True,True,True
AACS,ENSG00000081760,True,True,True,True,True,True,True,True,True,True,False,True,False
PCDHA6,ENSG00000081842,False,False,False,False,False,False,False,False,False,True,False,True,False
IL12RB2,ENSG00000081985,False,False,False,False,False,False,False,False,False,True,False,True,False
ME2,ENSG00000082212,True,True,True,True,True,True,True,True,True,True,True,True,True
NFE2L1,ENSG00000082641,True,True,True,True,True,True,True,True,True,True,False,True,False
ITGB5,ENSG00000082781,False,False,False,False,False,False,True,True,True,True,True,True,True
PALB2,ENSG00000083093,True,True,True,True,True,True,True,True,True,True,False,True,False
KAT6A,ENSG00000083168,True,True,True,True,True,True,True,True,True,True,True,True,True
PLOD1,ENSG00000083444,True,True,True,True,True,True,True,True,True,True,False,True,False
OXCT1,ENSG00000083720,True,True,True,True,True,True,True,True,True,True,True,True,True
ZNF586,ENSG00000083828,False,False,False,False,False,False,False,False,False,True,True,True,True
FAT1,ENSG00000083857,False,False,False,False,False,False,True,True,True,True,True,True,True
PPIE,ENSG00000084072,True,True,True,True,True,True,True,True,True,True,True,True,True
FAM234B,ENSG00000084444,False,False,False,False,False,False,False,False,False,True,False,True,False
TXLNA,ENSG00000084652,True,True,True,True,True,True,True,True,True,True,True,True,True
GCKR,ENSG00000084734,False,False,False,False,False,False,False,False,False,True,False,True,False
MECOM,ENSG00000085276,True,True,True,True,True,True,True,True,True,True,False,True,False
MAP3K4,ENSG00000085511,True,True,True,True,True,True,True,True,True,True,True,True,True
PILRA,ENSG00000085514,False,False,False,False,False,False,False,False,False,True,False,True,False
AKR1B1,ENSG00000085662,False,False,False,False,False,False,True,True,True,True,False,True,False
CPNE3,ENSG00000085719,True,True,True,True,True,True,True,True,True,True,True,True,True
RRN3,ENSG00000085721,True,True,True,True,True,True,True,True,True,True,False,True,False
CTTN,ENSG00000085733,True,True,True,True,True,True,True,True,True,True,True,True,True
ORC1,ENSG00000085840,True,True,True,True,True,True,True,True,True,True,True,True,True
CHERP,ENSG00000085872,True,True,True,True,True,True,True,True,True,True,True,True,True
MAST2,ENSG00000086015,True,True,True,True,True,True,True,True,True,True,True,True,True
CHMP5,ENSG00000086065,True,True,True,True,True,True,True,True,True,True,False,True,False
ITPKC,ENSG00000086544,False,False,False,False,False,False,False,False,False,True,False,True,False
ZW10,ENSG00000086827,True,True,True,True,True,True,True,True,True,True,True,True,True
SRRT,ENSG00000087087,True,True,True,True,True,True,True,True,True,True,False,True,False
BAX,ENSG00000087088,True,True,True,True,True,True,True,True,True,True,True,True,True
PIGS,ENSG00000087111,True,True,True,True,True,True,True,True,True,False,False,False,False
MMP2,ENSG00000087245,False,False,False,False,False,False,True,True,True,True,True,True,True
NID2,ENSG00000087303,False,False,False,False,False,False,True,True,True,True,False,True,False
DNM1L,ENSG00000087470,True,True,True,True,True,True,True,True,True,True,True,True,True
ERGIC2,ENSG00000087502,True,True,True,True,True,True,True,True,True,True,False,True,False
AURKA,ENSG00000087586,True,True,True,True,True,True,True,True,True,True,True,True,True
GNA11,ENSG00000088256,True,True,True,True,True,True,True,True,True,True,True,True,True
ANKRD10,ENSG00000088448,True,True,True,True,True,True,True,True,True,True,True,True,True
PPP1R13B,ENSG00000088808,False,False,False,False,False,False,False,False,False,True,True,True,True
MAPKAPK5,ENSG00000089022,True,True,True,True,True,True,True,True,True,True,True,True,True
SLC23A2,ENSG00000089057,True,True,True,False,False,False,True,True,True,True,False,True,False
DZANK1,ENSG00000089091,False,False,False,False,False,False,False,False,False,True,False,True,False
LHX5,ENSG00000089116,False,False,False,False,False,False,False,False,False,True,False,True,False
PXN,ENSG00000089159,True,True,True,True,True,True,True,True,True,True,True,True,True
RPH3A,ENSG00000089169,False,False,False,False,False,False,False,False,False,True,False,True,False
IGBP1,ENSG00000089289,True,True,True,True,True,True,True,True,True,True,False,True,False
BIRC5,ENSG00000089685,True,True,True,True,True,True,True,True,True,True,True,True,True
ICAM1,ENSG00000090339,True,True,True,True,True,True,False,False,False,True,True,True,True
MCOLN1,ENSG00000090674,True,True,True,True,True,True,True,True,True,True,True,True,True
AARS,ENSG00000090861,True,True,True,True,True,True,True,True,True,True,True,True,True
DLD,ENSG00000091140,True,True,True,True,True,True,True,True,True,True,True,True,True
WDR7,ENSG00000091157,False,False,False,False,False,False,False,False,False,True,True,True,True
SPAG7,ENSG00000091640,True,True,True,True,True,True,True,True,True,True,True,True,True
PSME1,ENSG00000092010,True,True,True,True,True,True,True,True,True,True,True,True,True
PPP2R3C,ENSG00000092020,True,True,True,True,True,True,True,True,True,True,True,True,True
TGM1,ENSG00000092295,False,False,False,False,False,False,False,False,False,True,False,True,False
PHGDH,ENSG00000092621,True,True,True,True,True,True,True,True,True,True,True,True,True
CDC45,ENSG00000093009,True,True,True,True,True,True,True,True,True,True,True,True,True
HDAC6,ENSG00000094631,True,True,True,True,True,True,False,False,False,True,True,True,True
FMO2,ENSG00000094963,False,False,False,False,False,False,False,False,False,True,False,True,False
HOOK2,ENSG00000095066,True,True,True,True,True,True,True,True,True,True,True,True,True
BAMBI,ENSG00000095739,True,True,True,True,True,True,True,True,True,True,True,True,True
PGC,ENSG00000096088,False,False,False,False,False,False,False,False,False,True,False,True,False
HSP90AB1,ENSG00000096384,True,True,True,True,True,True,True,True,True,True,False,True,False
ABL1,ENSG00000097007,True,True,True,True,True,True,True,True,True,True,True,True,True
MZF1,ENSG00000099326,True,True,True,False,False,False,False,False,False,True,False,True,False
KCNK6,ENSG00000099337,False,False,False,False,False,False,True,True,True,False,False,False,False
CIRBP,ENSG00000099622,True,True,True,True,True,True,True,True,True,True,True,True,True
RASSF7,ENSG00000099849,False,False,False,False,False,False,True,True,True,True,False,True,False
GADD45B,ENSG00000099860,False,False,False,False,False,False,True,True,True,True,True,True,True
CRKL,ENSG00000099942,True,True,True,True,True,True,True,True,True,True,True,True,True
SF3A1,ENSG00000099995,True,True,True,True,True,True,True,True,True,True,False,True,False
LGALS2,ENSG00000100079,False,False,False,False,False,False,False,False,False,True,False,True,False
GGA1,ENSG00000100083,True,True,True,True,True,True,True,True,True,True,False,True,False
MICALL1,ENSG00000100139,False,False,False,False,False,False,True,True,True,True,True,True,True
XBP1,ENSG00000100219,True,True,True,True,True,True,True,True,True,True,True,True,True
JOSD1,ENSG00000100221,True,True,True,True,True,True,True,True,True,True,False,True,False
FBXO7,ENSG00000100225,True,True,True,True,True,True,True,True,True,True,True,True,True
HMOX1,ENSG00000100292,False,False,False,False,False,False,True,True,True,True,True,True,True
MCM5,ENSG00000100297,True,True,True,True,True,True,True,True,True,True,False,True,False
RBFOX2,ENSG00000100320,True,True,True,True,True,True,True,True,True,True,False,True,False
PNPLA5,ENSG00000100341,False,False,False,False,False,False,False,False,False,False,False,False,False
CERK,ENSG00000100422,True,True,True,True,True,True,True,True,True,True,True,True,True
ABHD4,ENSG00000100439,False,False,False,False,False,False,False,False,False,True,True,True,True
SDR39U1,ENSG00000100445,True,True,True,True,True,True,True,True,True,True,False,True,False
COCH,ENSG00000100473,True,True,True,True,True,True,False,False,False,True,False,True,False
POLE2,ENSG00000100479,True,True,True,True,True,True,True,True,True,True,True,True,True
PYGL,ENSG00000100504,False,False,False,True,True,True,True,True,True,True,True,True,True
CGRRF1,ENSG00000100532,False,False,False,False,False,False,True,True,True,True,True,True,True
ATP6V1D,ENSG00000100554,True,True,True,True,True,True,True,True,True,True,True,True,True
TIMM9,ENSG00000100575,True,True,True,True,True,True,True,True,True,True,True,True,True
GSTZ1,ENSG00000100577,True,True,True,True,True,True,True,True,True,True,True,True,True
SPTLC2,ENSG00000100596,True,True,True,True,True,True,True,True,True,True,True,True,True
LGMN,ENSG00000100600,True,True,True,True,True,True,True,True,True,True,True,True,True
SNW1,ENSG00000100603,True,True,True,True,True,True,True,True,True,True,False,True,False
DHRS7,ENSG00000100612,True,True,True,True,True,True,True,True,True,True,True,True,True
HIF1A,ENSG00000100644,True,True,True,True,True,True,True,True,True,True,True,True,True
SRSF5,ENSG00000100650,True,True,True,True,True,True,True,True,True,True,False,True,False
EIF5,ENSG00000100664,True,True,True,True,True,True,True,True,True,True,True,True,True
PCK2,ENSG00000100889,True,True,True,True,True,True,False,False,False,True,True,True,True
NFKBIA,ENSG00000100906,True,True,True,True,True,True,True,True,True,True,True,True,True
PSME2,ENSG00000100911,True,True,True,True,True,True,True,True,True,True,True,True,True
NFATC4,ENSG00000100968,False,False,False,False,False,False,False,False,False,True,True,True,True
CD40,ENSG00000101017,False,False,False,False,False,False,False,False,False,True,True,True,True
MYBL2,ENSG00000101057,True,True,True,True,True,True,True,True,True,True,True,True,True
ADNP,ENSG00000101126,True,True,True,True,True,True,True,True,True,True,False,True,False
RAE1,ENSG00000101146,True,True,True,True,True,True,True,True,True,True,True,True,True
TPD52L2,ENSG00000101150,True,True,True,True,True,True,True,True,True,True,True,True,True
PRPF6,ENSG00000101161,True,True,True,True,True,True,True,True,True,True,False,True,False
TUBB1,ENSG00000101162,False,False,False,False,False,False,False,False,False,True,False,True,False
TCFL5,ENSG00000101190,False,False,False,False,False,False,True,True,True,True,True,True,True
COL20A1,ENSG00000101203,False,False,False,False,False,False,False,False,False,False,False,False,False
CDC25B,ENSG00000101224,True,True,True,True,True,True,True,True,True,True,True,True,True
NDUFAF5,ENSG00000101247,True,True,True,True,True,True,True,True,True,True,False,True,False
TRIB3,ENSG00000101255,True,True,True,True,True,True,True,True,True,True,True,True,True
RSPO4,ENSG00000101282,False,False,False,False,False,False,False,False,False,False,False,False,False
MYL9,ENSG00000101335,False,False,False,False,False,False,True,True,True,True,True,True,True
CST4,ENSG00000101441,False,False,False,False,False,False,False,False,False,True,False,True,False
USP14,ENSG00000101557,True,True,True,True,True,True,True,True,True,True,True,True,True
RNMT,ENSG00000101654,True,True,True,True,True,True,True,True,True,True,True,True,True
PSMD10,ENSG00000101843,True,True,True,True,True,True,True,True,True,True,True,True,True
GPR143,ENSG00000101850,False,False,False,False,False,False,False,False,False,True,False,True,False
PGRMC1,ENSG00000101856,True,True,True,True,True,True,True,True,True,True,True,True,True
MID1,ENSG00000101871,False,False,False,False,False,False,True,True,True,True,False,True,False
SUV39H1,ENSG00000101945,False,False,False,False,False,False,False,False,False,True,True,True,True
PLP2,ENSG00000102007,True,True,True,True,True,True,True,True,True,True,True,True,True
PLS3,ENSG00000102024,False,False,False,False,False,False,True,True,True,True,False,True,False
NAA10,ENSG00000102030,True,True,True,True,True,True,True,True,True,True,False,True,False
SLC25A14,ENSG00000102078,True,True,True,True,True,True,True,True,True,True,True,True,True
FMR1,ENSG00000102081,True,True,True,True,True,True,True,True,True,True,False,True,False
BRS3,ENSG00000102239,False,False,False,False,False,False,False,False,False,True,False,True,False
HTATSF1,ENSG00000102241,True,True,True,True,True,True,True,True,True,True,True,True,True
NDFIP2,ENSG00000102471,True,True,True,True,True,True,True,True,True,False,False,False,False
TNFSF13B,ENSG00000102524,False,False,False,False,False,False,False,False,False,False,False,False,False
FNDC3A,ENSG00000102531,True,True,True,True,True,True,True,True,True,True,False,True,False
CORO1A,ENSG00000102879,False,False,False,True,True,True,False,False,False,True,True,True,True
PHKB,ENSG00000102893,True,True,True,True,True,True,True,True,True,True,True,True,True
LYRM1,ENSG00000102897,True,True,True,True,True,True,True,True,True,True,True,True,True
NUP93,ENSG00000102900,True,True,True,True,True,True,True,True,True,True,True,True,True
ACD,ENSG00000102977,True,True,True,True,True,True,True,True,True,True,True,True,True
NDRG4,ENSG00000103034,False,False,False,False,False,False,False,False,False,True,False,True,False
HAS3,ENSG00000103044,False,False,False,False,False,False,False,False,False,False,False,False,False
COG4,ENSG00000103051,True,True,True,True,True,True,True,True,True,True,True,True,True
PLA2G15,ENSG00000103066,False,False,False,False,False,False,True,True,True,True,True,True,True
MON1B,ENSG00000103111,True,True,True,True,True,True,True,True,True,True,False,True,False
AXIN1,ENSG00000103126,True,True,True,True,True,True,True,True,True,True,True,True,True
MPG,ENSG00000103152,True,True,True,True,True,True,True,True,True,True,False,True,False
CIAO3,ENSG00000103245,True,True,True,True,True,True,True,True,True,True,True,True,True
SLC7A5,ENSG00000103257,True,True,True,True,True,True,True,True,True,True,False,True,False
METRN,ENSG00000103260,True,True,True,True,True,True,True,True,True,True,True,True,True
STUB1,ENSG00000103266,True,True,True,True,True,True,True,True,True,True,True,True,True
DNAJA3,ENSG00000103423,True,True,True,True,True,True,True,True,True,True,True,True,True
STX4,ENSG00000103496,True,True,True,True,True,True,True,True,True,True,True,True,True
CCP110,ENSG00000103540,True,True,True,True,True,True,True,True,True,True,True,True,True
CSK,ENSG00000103653,True,True,True,True,True,True,True,True,True,True,True,True,True
RASL12,ENSG00000103710,False,False,False,False,False,False,False,False,False,True,False,True,False
FAH,ENSG00000103876,True,True,True,True,True,True,True,True,True,True,True,True,True
HOMER2,ENSG00000103942,False,False,False,False,False,False,False,False,False,True,True,True,True
GABPB1,ENSG00000104064,True,True,True,True,True,True,True,True,True,True,True,True,True
TJP1,ENSG00000104067,True,True,True,True,True,True,True,True,True,True,True,True,True
DECR1,ENSG00000104325,True,True,True,True,True,True,True,True,True,True,True,True,True
POP1,ENSG00000104356,True,True,True,True,True,True,True,True,True,True,False,True,False
IKBKB,ENSG00000104365,True,True,True,True,True,True,True,True,True,True,True,True,True
SPAG1,ENSG00000104450,False,False,False,False,False,False,True,True,True,True,False,True,False
SNX16,ENSG00000104497,False,False,False,False,False,False,True,True,True,True,False,True,False
TSTA3,ENSG00000104522,True,True,True,True,True,True,True,True,True,True,True,True,True
PYCR3,ENSG00000104524,True,True,True,True,True,True,True,True,True,True,False,True,False
PPP2CB,ENSG00000104695,True,True,True,True,True,True,True,True,True,True,False,True,False
ASAH1,ENSG00000104763,True,True,True,True,True,True,True,True,True,True,True,True,True
BNIP3L,ENSG00000104765,True,True,True,True,True,True,True,True,True,True,True,True,True
MAN2B1,ENSG00000104774,True,True,True,True,True,True,True,True,True,True,True,True,True
ECH1,ENSG00000104823,True,True,True,True,True,True,True,True,True,True,True,True,True
NFKBIB,ENSG00000104825,True,True,True,True,True,True,True,True,True,True,True,True,True
KCNA7,ENSG00000104848,False,False,False,False,False,False,False,False,False,False,False,False,False
RELB,ENSG00000104856,False,False,False,False,False,False,False,False,False,True,True,True,True
PIH1D1,ENSG00000104872,True,True,True,True,True,True,True,True,True,True,True,True,True
PLEKHJ1,ENSG00000104886,True,True,True,True,True,True,True,True,True,True,True,True,True
AMH,ENSG00000104899,False,False,False,False,False,False,False,False,False,True,False,True,False
LILRB1,ENSG00000104972,False,False,False,False,False,False,False,False,False,True,False,True,False
AKAP8,ENSG00000105127,True,True,True,True,True,True,True,True,True,True,True,True,True
POP4,ENSG00000105171,True,True,True,True,True,True,True,True,True,True,True,True,True
FSD1,ENSG00000105255,False,False,False,False,False,False,True,True,True,True,True,True,True
POLR2I,ENSG00000105258,True,True,True,True,True,True,True,True,True,True,True,True,True
ETFB,ENSG00000105379,True,True,True,True,True,True,True,True,True,True,True,True,True
CRX,ENSG00000105392,False,False,False,False,False,False,False,False,False,True,False,True,False
KDELR1,ENSG00000105438,True,True,True,True,True,True,True,True,True,True,False,True,False
GRWD1,ENSG00000105447,True,True,True,True,True,True,True,True,True,True,True,True,True
LIG1,ENSG00000105486,True,True,True,True,True,True,True,True,True,True,True,True,True
CAPS,ENSG00000105519,False,False,False,False,False,False,False,False,False,False,False,False,False
RASIP1,ENSG00000105538,False,False,False,False,False,False,False,False,False,True,False,True,False
TMEM147,ENSG00000105677,True,True,True,True,True,True,True,True,True,True,False,True,False
GAPDHS,ENSG00000105679,False,False,False,False,False,False,False,False,False,True,False,True,False
LSR,ENSG00000105699,True,True,True,True,True,True,True,True,True,True,True,True,True
CDK6,ENSG00000105810,True,True,True,True,True,True,True,True,True,True,True,True,True
TFPI2,ENSG00000105825,False,False,False,False,False,False,True,True,True,True,False,True,False
BET1,ENSG00000105829,True,True,True,True,True,True,True,True,True,True,False,True,False
PON2,ENSG00000105854,False,False,False,False,False,False,True,True,True,True,False,True,False
MPP6,ENSG00000105926,True,True,True,True,True,True,True,True,True,True,False,True,False
DNAJB6,ENSG00000105993,True,True,True,True,True,True,True,True,True,True,True,True,True
HOXA5,ENSG00000106004,False,False,False,False,False,False,False,False,False,True,True,True,True
HIBADH,ENSG00000106049,True,True,True,True,True,True,True,True,True,False,False,False,False
GRB10,ENSG00000106070,True,True,True,True,True,True,True,True,True,True,True,True,True
FKBP14,ENSG00000106080,True,True,True,True,True,True,True,True,True,True,True,True,True
STX1A,ENSG00000106089,False,False,False,False,False,False,True,True,True,True,True,True,True
CASP2,ENSG00000106144,True,True,True,True,True,True,True,True,True,True,True,True,True
HSPB1,ENSG00000106211,True,True,True,True,True,True,True,True,True,True,True,True,True
ZKSCAN1,ENSG00000106261,True,True,True,True,True,True,True,True,True,True,False,True,False
HYAL4,ENSG00000106302,False,False,False,False,False,False,False,False,False,True,False,True,False
AIMP2,ENSG00000106305,True,True,True,True,True,True,True,True,True,True,False,True,False
IMPDH1,ENSG00000106348,True,True,True,True,True,True,True,True,True,True,False,True,False
LSM5,ENSG00000106355,True,True,True,True,True,True,True,True,True,True,True,True,True
SERPINE1,ENSG00000106366,False,False,False,False,False,False,True,True,True,True,True,True,True
PLOD3,ENSG00000106397,True,True,True,True,True,True,True,True,True,True,True,True,True
RPA3,ENSG00000106399,True,True,True,True,True,True,True,True,True,True,True,True,True
NRF1,ENSG00000106459,False,False,False,False,False,False,False,False,False,True,False,True,False
EZH2,ENSG00000106462,True,True,True,True,True,True,True,True,True,True,True,True,True
MEST,ENSG00000106484,True,True,True,True,True,True,True,True,True,True,True,True,True
BLVRA,ENSG00000106605,True,True,True,True,True,True,True,True,True,True,True,True,True
RHEB,ENSG00000106615,True,True,True,True,True,True,True,True,True,True,True,True,True
PRKAG2,ENSG00000106617,False,False,False,False,False,False,True,True,True,True,True,True,True
BCL7B,ENSG00000106635,True,True,True,True,True,True,True,True,True,True,True,True,True
YKT6,ENSG00000106636,True,True,True,True,True,True,True,True,True,True,True,True,True
C5,ENSG00000106804,False,False,False,False,False,False,False,False,False,True,True,True,True
ASPN,ENSG00000106819,False,False,False,False,False,False,False,False,False,True,False,True,False
DNM1,ENSG00000106976,True,True,True,True,True,True,True,True,True,True,True,True,True
AK1,ENSG00000106992,True,True,True,True,True,True,True,True,True,True,False,True,False
TBC1D13,ENSG00000107021,True,True,True,True,True,True,True,True,True,True,False,True,False
NCS1,ENSG00000107130,True,True,True,True,True,True,True,True,True,True,False,True,False
TESK1,ENSG00000107140,False,False,False,False,False,False,True,True,True,True,True,True,True
DDX58,ENSG00000107201,False,False,False,False,False,False,True,True,True,True,False,True,False
NPDC1,ENSG00000107281,False,False,False,False,False,False,True,True,True,True,True,True,True
SH3GL2,ENSG00000107295,False,False,False,False,False,False,False,False,False,True,False,True,False
SHB,ENSG00000107338,False,False,False,False,False,False,True,True,True,True,True,True,True
PDLIM1,ENSG00000107438,True,True,True,True,True,True,True,True,True,True,True,True,True
GATA3,ENSG00000107485,False,False,False,False,False,False,False,False,False,True,True,True,True
RAB11FIP2,ENSG00000107560,True,True,True,False,False,False,True,True,True,True,True,True,True
DDX50,ENSG00000107625,True,True,True,True,True,True,True,True,True,True,False,True,False
NSMCE4A,ENSG00000107672,True,True,True,True,True,True,True,True,True,True,False,True,False
PALD1,ENSG00000107719,False,False,False,False,False,False,False,False,False,False,False,False,False
BMPR1A,ENSG00000107779,True,True,True,True,True,True,True,True,True,True,False,True,False
LIPA,ENSG00000107798,False,False,False,False,False,False,True,True,True,True,True,True,True
PITRM1,ENSG00000107959,True,True,True,True,True,True,True,True,True,True,False,True,False
XPNPEP1,ENSG00000108039,True,True,True,True,True,True,True,True,True,True,True,True,True
SMC3,ENSG00000108055,True,True,True,True,True,True,True,True,True,True,True,True,True
ZMIZ1,ENSG00000108175,False,False,False,False,False,False,True,True,True,True,True,True,True
CASC3,ENSG00000108349,True,True,True,True,True,True,True,True,True,True,True,True,True
RAD51C,ENSG00000108384,True,True,True,True,True,True,True,True,True,True,True,True,True
RNF167,ENSG00000108523,True,True,True,True,True,True,True,True,True,True,True,True,True
CHRNE,ENSG00000108556,False,False,False,False,False,False,False,False,False,True,False,True,False
NUP88,ENSG00000108559,True,True,True,True,True,True,True,True,True,True,True,True,True
BLMH,ENSG00000108578,True,True,True,True,True,True,True,True,True,True,True,True,True
DRG2,ENSG00000108591,True,True,True,True,True,True,True,True,True,True,False,True,False
SMARCD2,ENSG00000108604,True,True,True,True,True,True,True,True,True,True,True,True,True
CYTH1,ENSG00000108669,True,True,True,True,True,True,False,False,False,True,True,True,True
CCL2,ENSG00000108691,False,False,False,False,False,False,True,True,True,True,True,True,True
CCL8,ENSG00000108700,False,False,False,False,False,False,False,False,False,True,False,True,False
RAB5C,ENSG00000108774,True,True,True,True,True,True,True,True,True,True,False,True,False
COL1A1,ENSG00000108821,False,False,False,False,False,False,True,True,True,True,True,True,True
VAT1,ENSG00000108828,True,True,True,True,True,True,True,True,True,True,True,True,True
DUSP3,ENSG00000108861,True,True,True,True,True,True,True,True,True,True,True,True,True
MMD,ENSG00000108960,False,False,False,False,False,False,False,False,False,True,False,True,False
DPH1,ENSG00000108963,False,False,False,False,False,False,False,False,False,False,False,False,False
SLC9A3R1,ENSG00000109062,True,True,True,True,True,True,True,True,True,True,False,True,False
MYH3,ENSG00000109063,False,False,False,False,False,False,False,False,False,True,False,True,False
TMEM97,ENSG00000109084,True,True,True,True,True,True,True,True,True,True,True,True,True
ALDOC,ENSG00000109107,False,False,False,True,True,True,False,False,False,True,True,True,True
DCUN1D4,ENSG00000109184,True,True,True,True,True,True,True,True,True,True,True,True,True
ODAM,ENSG00000109205,False,False,False,False,False,False,False,False,False,True,False,True,False
CHIC2,ENSG00000109220,True,True,True,True,True,True,True,True,True,True,True,True,True
NFKB1,ENSG00000109320,True,True,True,True,True,True,True,True,True,True,False,True,False
AREG,ENSG00000109321,True,True,True,True,True,True,False,False,False,True,False,True,False
INPP4B,ENSG00000109452,False,False,False,False,False,False,True,True,True,True,True,True,True
GAB1,ENSG00000109458,False,False,False,False,False,False,False,False,False,True,False,True,False
WFS1,ENSG00000109501,False,False,False,False,False,False,True,True,True,True,True,True,True
TRIM2,ENSG00000109654,False,False,False,False,False,False,True,True,True,True,True,True,True
MFSD10,ENSG00000109736,True,True,True,True,True,True,True,True,True,True,True,True,True
NCAPG,ENSG00000109805,True,True,True,True,True,True,True,True,True,True,False,True,False
UGDH,ENSG00000109814,True,True,True,True,True,True,True,True,True,True,True,True,True
PPARGC1A,ENSG00000109819,False,False,False,False,False,False,False,False,False,True,False,True,False
DDX25,ENSG00000109832,False,False,False,False,False,False,False,False,False,True,False,True,False
CCDC34,ENSG00000109881,True,True,True,True,True,True,True,True,True,False,False,False,False
HSPA8,ENSG00000109971,True,True,True,True,True,True,True,True,True,True,True,True,True
CPT1A,ENSG00000110090,False,False,False,False,False,False,True,True,True,True,False,True,False
CCND1,ENSG00000110092,False,False,False,False,False,False,True,True,True,True,True,True,True
CCDC86,ENSG00000110104,True,True,True,True,True,True,True,True,True,True,True,True,True
TMEM109,ENSG00000110108,True,True,True,True,True,True,True,True,True,True,True,True,True
BIRC2,ENSG00000110330,True,True,True,True,True,True,True,True,True,True,True,True,True
PDHX,ENSG00000110435,True,True,True,True,True,True,True,True,True,True,True,True,True
PTPMT1,ENSG00000110536,True,True,True,True,True,True,True,True,True,False,False,False,False
SLC35F2,ENSG00000110660,True,True,True,True,True,True,True,True,True,True,True,True,True
NUP98,ENSG00000110713,True,True,True,True,True,True,True,True,True,True,False,True,False
PSMD9,ENSG00000110801,True,True,True,True,True,True,True,True,True,True,True,True,True
CAPRIN2,ENSG00000110888,False,False,False,False,False,False,True,True,True,True,False,True,False
SLC11A2,ENSG00000110911,True,True,True,True,True,True,True,True,True,True,True,True,True
MLEC,ENSG00000110917,True,True,True,True,True,True,True,True,True,True,True,True,True
MVK,ENSG00000110921,True,True,True,True,True,True,False,False,False,True,False,True,False
PPM1H,ENSG00000111110,False,False,False,False,False,False,False,False,False,True,False,True,False
ITFG2,ENSG00000111203,True,True,True,True,True,True,True,True,True,False,False,False,False
FOXM1,ENSG00000111206,True,True,True,True,True,True,True,True,True,True,False,True,False
AKAP3,ENSG00000111254,False,False,False,False,False,False,False,False,False,True,False,True,False
CDKN1B,ENSG00000111276,True,True,True,True,True,True,True,True,True,True,True,True,True
GPRC5D,ENSG00000111291,False,False,False,False,False,False,False,False,False,True,False,True,False
RFC5,ENSG00000111445,True,True,True,True,True,True,True,True,True,True,True,True,True
TIMELESS,ENSG00000111602,True,True,True,True,True,True,True,True,True,True,True,True,True
COPS7A,ENSG00000111652,True,True,True,True,True,True,True,True,True,True,True,True,True
ENO2,ENSG00000111674,True,True,True,True,True,True,True,True,True,True,False,True,False
ATN1,ENSG00000111676,True,True,True,True,True,True,True,True,True,True,False,True,False
PTPN6,ENSG00000111679,False,False,False,False,False,False,False,False,False,True,True,True,True
GOLT1B,ENSG00000111711,True,True,True,True,True,True,True,True,True,True,True,True,True
C2CD5,ENSG00000111731,True,True,True,False,False,False,True,True,True,True,True,True,True
RAB35,ENSG00000111737,True,True,True,True,True,True,True,True,True,True,False,True,False
BTN3A3,ENSG00000111801,False,False,False,False,False,False,False,False,False,True,False,True,False
RSPH4A,ENSG00000111834,False,False,False,False,False,False,False,False,False,False,False,False,False
PPARD,ENSG00000112033,False,False,False,False,False,False,True,True,True,True,True,True,True
MCM3,ENSG00000112118,True,True,True,True,True,True,True,True,True,True,True,True,True
MDN1,ENSG00000112159,True,True,True,True,True,True,True,True,True,True,False,True,False
ZNF451,ENSG00000112200,True,True,True,True,True,True,True,True,True,True,True,True,True
ASCC3,ENSG00000112249,True,True,True,True,True,True,True,True,True,True,True,True,True
GMNN,ENSG00000112312,True,True,True,True,True,True,True,True,True,True,True,True,True
SLC22A2,ENSG00000112499,False,False,False,False,False,False,False,False,False,True,False,True,False
CCND3,ENSG00000112576,True,True,True,True,True,True,True,True,True,True,True,True,True
TBP,ENSG00000112592,True,True,True,True,True,True,True,True,True,True,True,True,True
PTK7,ENSG00000112655,True,True,True,True,True,True,True,True,True,True,False,True,False
DNPH1,ENSG00000112667,True,True,True,True,True,True,True,True,True,True,False,True,False
DUSP22,ENSG00000112679,True,True,True,True,True,True,True,True,True,True,True,True,True
EXOC2,ENSG00000112685,True,True,True,True,True,True,True,True,True,True,False,True,False
SENP6,ENSG00000112701,True,True,True,True,True,True,True,True,True,True,True,True,True
TBX18,ENSG00000112837,True,True,True,True,True,True,False,False,False,False,False,False,False
TENT4A,ENSG00000112941,True,True,True,True,True,True,True,True,True,True,True,True,True
GHR,ENSG00000112964,False,False,False,False,False,False,False,False,False,True,True,True,True
HMGCS1,ENSG00000112972,True,True,True,True,True,True,True,True,True,True,True,True,True
KIF20A,ENSG00000112984,True,True,True,True,True,True,True,True,True,True,True,True,True
NNT,ENSG00000112992,True,True,True,True,True,True,True,True,True,True,True,True,True
HMGCR,ENSG00000113161,True,True,True,True,True,True,True,True,True,True,True,True,True
GNPDA1,ENSG00000113552,True,True,True,True,True,True,True,True,True,True,True,True,True
SKP1,ENSG00000113558,True,True,True,True,True,True,True,True,True,True,True,True,True
NR3C1,ENSG00000113580,True,True,True,True,True,True,True,True,True,True,True,True,True
TCERG1,ENSG00000113649,True,True,True,True,True,True,True,True,True,True,True,True,True
CSNK1A1,ENSG00000113712,True,True,True,True,True,True,True,True,True,True,True,True,True
HMGXB3,ENSG00000113716,True,True,True,True,True,True,True,True,True,True,False,True,False
SMC4,ENSG00000113810,True,True,True,True,True,True,True,True,True,True,True,True,True
PCCB,ENSG00000114054,True,True,True,True,True,True,True,True,True,True,True,True,True
RNF7,ENSG00000114125,True,True,True,True,True,True,True,True,True,True,False,True,False
HES1,ENSG00000114315,True,True,True,True,True,True,True,True,True,True,True,True,True
GNAI2,ENSG00000114353,True,True,True,True,True,True,True,True,True,True,True,True,True
NPRL2,ENSG00000114388,True,True,True,True,True,True,True,True,True,True,True,True,True
CBLB,ENSG00000114423,False,False,False,False,False,False,True,True,True,True,True,True,True
IQCG,ENSG00000114473,False,False,False,False,False,False,False,False,False,True,False,True,False
UMPS,ENSG00000114491,True,True,True,True,True,True,True,True,True,True,False,True,False
KIAA1257,ENSG00000114656,False,False,False,False,False,False,False,False,False,False,False,False,False
MAPKAPK3,ENSG00000114738,True,True,True,True,True,True,True,True,True,True,True,True,True
ABCC5,ENSG00000114770,True,True,True,True,True,True,True,True,True,True,True,True,True
TNNC1,ENSG00000114854,False,False,False,False,False,False,False,False,False,True,False,True,False
EIF4G1,ENSG00000114867,True,True,True,True,True,True,True,True,True,True,True,True,True
TTL,ENSG00000114999,True,True,True,True,True,True,True,True,True,False,False,False,False
PIKFYVE,ENSG00000115020,True,True,True,True,True,True,True,True,True,True,False,True,False
NCL,ENSG00000115053,True,True,True,True,True,True,True,True,True,True,False,True,False
FN1,ENSG00000115414,False,False,False,False,False,False,True,True,True,True,False,True,False
STAT1,ENSG00000115415,True,True,True,True,True,True,True,True,True,True,True,True,True
PAPOLG,ENSG00000115421,True,True,True,True,True,True,False,False,False,True,False,True,False
PECR,ENSG00000115425,False,False,False,False,False,False,False,False,False,True,True,True,True
KCNJ13,ENSG00000115474,False,False,False,False,False,False,False,False,False,False,False,False,False
TXNDC9,ENSG00000115514,True,True,True,True,True,True,True,True,True,True,True,True,True
ST3GAL5,ENSG00000115525,False,False,False,False,False,False,False,False,False,True,True,True,True
KDM3A,ENSG00000115548,True,True,True,True,True,True,True,True,True,True,True,True,True
IL1R1,ENSG00000115594,False,False,False,False,False,False,False,False,False,True,False,True,False
FHL2,ENSG00000115641,False,False,False,False,False,False,True,True,True,True,True,True,True
ABCB6,ENSG00000115657,True,True,True,True,True,True,True,True,True,True,True,True,True
SLC5A7,ENSG00000115665,False,False,False,False,False,False,False,False,False,True,False,True,False
STK25,ENSG00000115694,True,True,True,True,True,True,True,True,True,True,True,True,True
ID2,ENSG00000115738,False,False,False,False,False,False,True,True,True,True,True,True,True
GORASP2,ENSG00000115806,True,True,True,True,True,True,True,True,True,True,False,True,False
CEBPZ,ENSG00000115816,True,True,True,True,True,True,True,True,True,True,True,True,True
DARS,ENSG00000115866,True,True,True,True,True,True,True,True,True,True,False,True,False
SLC1A4,ENSG00000115902,False,False,False,False,False,False,False,False,False,True,True,True,True
TRAK2,ENSG00000115993,False,False,False,False,False,False,True,True,True,True,True,True,True
PCYOX1,ENSG00000116005,True,True,True,True,True,True,True,True,True,True,False,True,False
NFE2L2,ENSG00000116044,True,True,True,True,True,True,True,True,True,True,True,True,True
MSH6,ENSG00000116062,True,True,True,True,True,True,True,True,True,True,True,True,True
SPR,ENSG00000116096,True,True,True,True,True,True,True,True,True,True,True,True,True
BCL9,ENSG00000116128,False,False,False,False,False,False,False,False,False,True,False,True,False
GPX7,ENSG00000116157,False,False,False,False,False,False,False,False,False,True,False,True,False
SCP2,ENSG00000116171,True,True,True,True,True,True,True,True,True,True,True,True,True
FAM20B,ENSG00000116199,True,True,True,True,True,True,True,True,True,True,True,True,True
ICMT,ENSG00000116237,True,True,True,True,True,True,True,True,True,True,True,True,True
OPRD1,ENSG00000116329,False,False,False,False,False,False,False,False,False,True,False,True,False
SRSF4,ENSG00000116350,True,True,True,True,True,True,True,True,True,True,False,True,False
CAPZA1,ENSG00000116489,True,True,True,True,True,True,True,True,True,True,False,True,False
ARHGEF2,ENSG00000116584,True,True,True,True,True,True,True,True,True,True,True,True,True
PLA2G4A,ENSG00000116711,False,False,False,False,False,False,True,True,True,True,True,True,True
GADD45A,ENSG00000116717,True,True,True,True,True,True,True,True,True,True,True,True,True
RGS2,ENSG00000116741,False,False,False,False,False,False,False,False,False,True,True,True,True
CRYZ,ENSG00000116791,True,True,True,True,True,True,True,True,True,True,True,True,True
CD58,ENSG00000116815,True,True,True,True,True,True,True,True,True,True,True,True,True
LGALS8,ENSG00000116977,True,True,True,True,True,True,True,True,True,True,True,True,True
AKT3,ENSG00000117020,False,False,False,False,False,False,True,True,True,True,False,True,False
SDHB,ENSG00000117118,True,True,True,True,True,True,True,True,True,True,True,True,True
KDM5B,ENSG00000117139,True,True,True,True,True,True,True,True,True,True,True,True,True
GALE,ENSG00000117308,True,True,True,True,True,True,True,True,True,True,True,True,True
EBNA1BP2,ENSG00000117395,True,True,True,True,True,True,True,True,True,True,True,True,True
CDC20,ENSG00000117399,True,True,True,True,True,True,True,True,True,True,True,True,True
IPO13,ENSG00000117408,True,True,True,True,True,True,True,True,True,True,True,True,True
ATP6V0B,ENSG00000117410,True,True,True,True,True,True,True,True,True,True,True,True,True
PIK3R3,ENSG00000117461,True,True,True,True,True,True,True,True,True,True,True,True,True
FAAH,ENSG00000117480,False,False,False,False,False,False,False,False,False,True,False,True,False
RCAN3,ENSG00000117602,False,False,False,False,False,False,True,True,True,True,False,True,False
SLC35A3,ENSG00000117620,True,True,True,True,True,True,True,True,True,True,True,True,True
STMN1,ENSG00000117632,True,True,True,True,True,True,True,True,True,True,True,True,True
MAN1C1,ENSG00000117643,False,False,False,False,False,False,False,False,False,True,False,True,False
DHDDS,ENSG00000117682,True,True,True,True,True,True,True,True,True,True,True,True,True
NENF,ENSG00000117691,True,True,True,True,True,True,True,True,True,True,True,True,True
RPA2,ENSG00000117748,True,True,True,True,True,True,True,True,True,True,True,True,True
OSBPL9,ENSG00000117859,True,True,True,True,True,True,True,True,True,True,False,True,False
CTSD,ENSG00000117984,True,True,True,True,True,True,True,True,True,True,True,True,True
KIF14,ENSG00000118193,True,True,True,True,True,True,True,True,True,True,True,True,True
CAMSAP2,ENSG00000118200,True,True,True,True,True,True,True,True,True,True,True,True,True
ATF6,ENSG00000118217,True,True,True,True,True,True,True,True,True,True,True,True,True
CREB1,ENSG00000118260,True,True,True,True,True,True,True,True,True,True,True,True,True
RNF146,ENSG00000118518,True,True,True,True,True,True,True,True,True,True,False,True,False
RXYLT1,ENSG00000118600,True,True,True,True,True,True,True,True,True,True,True,True,True
FOXO3,ENSG00000118689,True,True,True,True,True,True,True,True,True,True,True,True,True
SPP1,ENSG00000118785,False,False,False,False,False,False,True,True,True,True,True,True,True
ITGB1BP1,ENSG00000119185,True,True,True,True,True,True,True,True,True,True,True,True,True
CCDC92,ENSG00000119242,True,True,True,True,True,True,True,True,True,True,True,True,True
HEATR1,ENSG00000119285,True,True,True,True,True,True,True,True,True,True,True,True,True
RAD23B,ENSG00000119318,True,True,True,True,True,True,True,True,True,True,False,True,False
CTNNAL1,ENSG00000119326,True,True,True,True,True,True,True,True,True,True,True,True,True
GLE1,ENSG00000119392,True,True,True,True,True,True,True,True,True,True,False,True,False
CNTRL,ENSG00000119397,True,True,True,True,True,True,True,True,True,True,False,True,False
ZBTB45,ENSG00000119574,False,False,False,False,False,False,True,True,True,False,False,False,False
TGFB3,ENSG00000119699,False,False,False,False,False,False,False,False,False,True,True,True,True
SLIRP,ENSG00000119705,True,True,True,True,True,True,True,True,True,True,False,True,False
SUPT7L,ENSG00000119760,True,True,True,True,True,True,True,True,True,True,False,True,False
DNMT3A,ENSG00000119772,True,True,True,True,True,True,False,False,False,True,True,True,True
IDE,ENSG00000119912,True,True,True,True,True,True,True,True,True,True,True,True,True
SMNDC1,ENSG00000119953,True,True,True,True,True,True,True,True,True,True,True,True,True
MTHFD1L,ENSG00000120254,True,True,True,True,True,True,True,True,True,False,False,False,False
PCMT1,ENSG00000120265,True,True,True,True,True,True,True,True,True,True,True,True,True
CENPL,ENSG00000120334,True,True,True,True,True,True,True,True,True,False,False,False,False
GORAB,ENSG00000120370,False,False,False,False,False,False,True,True,True,False,False,False,False
ACAT2,ENSG00000120437,True,True,True,True,True,True,True,True,True,True,True,True,True
NUDCD1,ENSG00000120526,True,True,True,True,True,True,True,True,True,False,False,False,False
DNAJC15,ENSG00000120675,False,False,False,False,False,False,True,True,True,True,True,True,True
UFM1,ENSG00000120686,True,True,True,True,True,True,True,True,True,True,True,True,True
SMAD9,ENSG00000120693,False,False,False,False,False,False,True,True,True,True,False,True,False
EGR1,ENSG00000120738,True,True,True,True,True,True,True,True,True,True,True,True,True
PLS1,ENSG00000120756,True,True,True,True,True,True,False,False,False,True,True,True,True
NR2C1,ENSG00000120798,True,True,True,True,True,True,True,True,True,True,False,True,False
MTERF2,ENSG00000120832,True,True,True,True,True,True,False,False,False,False,False,False,False
SOCS2,ENSG00000120833,True,True,True,True,True,True,False,False,False,True,True,True,True
DUSP4,ENSG00000120875,False,False,False,False,False,False,True,True,True,True,True,True,True
SORBS3,ENSG00000120896,True,True,True,True,True,True,True,True,True,True,True,True,True
PTK2B,ENSG00000120899,False,False,False,False,False,False,False,False,False,True,True,True,True
NPPB,ENSG00000120937,False,False,False,False,False,False,False,False,False,True,False,True,False
LYPLA1,ENSG00000120992,True,True,True,True,True,True,True,True,True,True,True,True,True
TBX2,ENSG00000121068,False,False,False,False,False,False,False,False,False,True,True,True,True
SLC35B1,ENSG00000121073,True,True,True,True,True,True,True,True,True,True,True,True,True
CAT,ENSG00000121691,True,True,True,True,True,True,True,True,True,True,True,True,True
ZMYM2,ENSG00000121741,True,True,True,True,True,True,True,True,True,True,True,True,True
PIK3CA,ENSG00000121879,True,True,True,True,True,True,True,True,True,True,True,True,True
PDS5A,ENSG00000121892,True,True,True,True,True,True,True,True,True,True,True,True,True
CXCR4,ENSG00000121966,False,False,False,False,False,False,False,False,False,True,True,True,True
ZRANB3,ENSG00000121988,True,True,True,True,True,True,True,True,True,False,False,False,False
FYTTD1,ENSG00000122068,True,True,True,True,True,True,True,True,True,False,False,False,False
TBX22,ENSG00000122145,False,False,False,False,False,False,False,False,False,False,False,False,False
NAA60,ENSG00000122390,True,True,True,True,True,True,True,True,True,True,False,True,False
LRRC39,ENSG00000122477,False,False,False,False,False,False,False,False,False,False,False,False,False
RWDD3,ENSG00000122481,True,True,True,True,True,True,True,True,True,True,False,True,False
SLC66A2,ENSG00000122490,False,False,False,False,False,False,True,True,True,True,False,True,False
BBS9,ENSG00000122507,False,False,False,False,False,False,False,False,False,True,False,True,False
INHBA,ENSG00000122641,False,False,False,False,False,False,True,True,True,True,False,True,False
DCAF10,ENSG00000122741,True,True,True,True,True,True,True,True,True,True,False,True,False
CISD1,ENSG00000122873,True,True,True,True,True,True,True,True,True,True,True,True,True
ECD,ENSG00000122882,True,True,True,True,True,True,True,True,True,True,True,True,True
SSPN,ENSG00000123096,False,False,False,False,False,False,True,True,True,True,False,True,False
ACOT9,ENSG00000123130,True,True,True,True,True,True,True,True,True,True,True,True,True
ADGRE5,ENSG00000123146,True,True,True,True,True,True,True,True,True,True,True,True,True
WDR83,ENSG00000123154,True,True,True,True,True,True,True,True,True,False,False,False,False
SPRYD7,ENSG00000123178,True,True,True,True,True,True,True,True,True,True,False,True,False
ATF1,ENSG00000123268,True,True,True,True,True,True,True,True,True,True,True,True,True
PDE1B,ENSG00000123360,False,False,False,False,False,False,False,False,False,True,False,True,False
CDK2,ENSG00000123374,True,True,True,True,True,True,True,True,True,True,True,True,True
LRP1,ENSG00000123384,False,False,False,False,False,False,True,True,True,True,False,True,False
SARDH,ENSG00000123453,False,False,False,False,False,False,False,False,False,True,False,True,False
LPGAT1,ENSG00000123684,True,True,True,True,True,True,True,True,True,True,True,True,True
BATF3,ENSG00000123685,False,False,False,False,False,False,False,False,False,True,False,True,False
PLA2G12A,ENSG00000123739,True,True,True,True,True,True,True,True,True,True,False,True,False
NCOA3,ENSG00000124151,True,True,True,True,True,True,True,True,True,True,True,True,True
VAPB,ENSG00000124164,True,True,True,True,True,True,True,True,True,True,True,True,True
SRSF6,ENSG00000124193,True,True,True,True,True,True,True,True,True,True,False,True,False
NEURL2,ENSG00000124257,False,False,False,False,False,False,False,False,False,False,False,False,False
STAMBP,ENSG00000124356,True,True,True,True,True,True,True,True,True,True,True,True,True
USP22,ENSG00000124422,True,True,True,True,True,True,True,True,True,True,True,True,True
GRM4,ENSG00000124493,False,False,False,False,False,False,False,False,False,True,False,True,False
WRNIP1,ENSG00000124535,True,True,True,True,True,True,True,True,True,True,False,True,False
UNC5CL,ENSG00000124602,False,False,False,False,False,False,False,False,False,False,False,False,False
HIST1H1A,ENSG00000124610,False,False,False,False,False,False,False,False,False,True,False,True,False
SPDEF,ENSG00000124664,False,False,False,False,False,False,False,False,False,True,True,True,True
CDKN1A,ENSG00000124762,False,False,False,False,False,False,True,True,True,True,True,True,True
SOX4,ENSG00000124766,True,True,True,True,True,True,True,True,True,True,True,True,True
SSR1,ENSG00000124783,True,True,True,True,True,True,True,True,True,True,False,True,False
EFNB2,ENSG00000125266,False,False,False,False,False,False,True,True,True,True,False,True,False
TM9SF2,ENSG00000125304,True,True,True,True,True,True,True,True,True,True,True,True,True
UPF3B,ENSG00000125351,True,True,True,True,True,True,True,True,True,True,False,True,False
DMAC2L,ENSG00000125375,True,True,True,True,True,True,True,True,True,True,True,True,True
BMP4,ENSG00000125378,False,False,False,False,False,False,True,True,True,True,True,True,True
MYH2,ENSG00000125414,False,False,False,False,False,False,False,False,False,True,False,True,False
NUP85,ENSG00000125450,True,True,True,True,True,True,True,True,True,True,True,True,True
MSTO1,ENSG00000125459,True,True,True,True,True,True,True,True,True,False,False,False,False
C1orf61,ENSG00000125462,False,False,False,True,True,True,False,False,False,True,False,True,False
KIR2DL1,ENSG00000125498,False,False,False,False,False,False,False,False,False,True,False,True,False
MBOAT7,ENSG00000125505,True,True,True,True,True,True,True,True,True,True,True,True,True
IL1B,ENSG00000125538,False,False,False,False,False,False,True,True,True,True,True,True,True
PAX8,ENSG00000125618,False,False,False,False,False,False,True,True,True,True,True,True,True
SNRPD2,ENSG00000125743,True,True,True,True,True,True,True,True,True,True,False,True,False
RTN2,ENSG00000125744,True,True,True,True,True,True,False,False,False,True,True,True,True
EML2,ENSG00000125746,True,True,True,True,True,True,False,False,False,True,False,True,False
TGM3,ENSG00000125780,False,False,False,False,False,False,False,False,False,True,False,True,False
NKX2-4,ENSG00000125816,False,False,False,False,False,False,False,False,False,False,False,False,False
PSMF1,ENSG00000125818,True,True,True,True,True,True,True,True,True,True,True,True,True
DSTN,ENSG00000125868,True,True,True,True,True,True,True,True,True,True,False,True,False
BPIFB1,ENSG00000125999,False,False,False,False,False,False,False,False,False,False,False,False,False
PLAGL2,ENSG00000126003,True,True,True,True,True,True,False,False,False,True,False,True,False
UROD,ENSG00000126088,True,True,True,True,True,True,True,True,True,True,False,True,False
FFAR2,ENSG00000126262,False,False,False,False,False,False,False,False,False,True,False,True,False
BECN1,ENSG00000126581,True,True,True,True,True,True,True,True,True,True,True,True,True
TRAP1,ENSG00000126602,True,True,True,True,True,True,True,True,True,True,True,True,True
TIMM17B,ENSG00000126768,True,True,True,True,True,True,True,True,True,True,True,True,True
KTN1,ENSG00000126777,True,True,True,True,True,True,True,True,True,True,True,True,True
PLEKHG3,ENSG00000126822,False,False,False,False,False,False,True,True,True,True,False,True,False
MAP2K2,ENSG00000126934,True,True,True,True,True,True,True,True,True,True,False,True,False
TRAF2,ENSG00000127191,True,True,True,True,True,True,False,False,False,True,False,True,False
PIN1,ENSG00000127445,True,True,True,True,True,True,True,True,True,True,True,True,True
FBXL12,ENSG00000127452,True,True,True,True,True,True,True,True,True,True,True,True,True
OR7C1,ENSG00000127530,False,False,False,False,False,False,False,False,False,True,False,True,False
UQCR11,ENSG00000127540,True,True,True,True,True,True,True,True,True,True,False,True,False
SYNGR3,ENSG00000127561,True,True,True,True,True,True,False,False,False,True,True,True,True
MACF1,ENSG00000127603,True,True,True,True,True,True,True,True,True,True,True,True,True
SMARCA4,ENSG00000127616,True,True,True,True,True,True,True,True,True,True,True,True,True
TICAM1,ENSG00000127666,False,False,False,False,False,False,False,False,False,True,True,True,True
AKAP9,ENSG00000127914,True,True,True,True,True,True,True,True,True,True,False,True,False
SEM1,ENSG00000127922,True,True,True,True,True,True,True,True,True,True,False,True,False
PTPN12,ENSG00000127947,True,True,True,True,True,True,True,True,True,True,True,True,True
POR,ENSG00000127948,True,True,True,True,True,True,True,True,True,True,False,True,False
GNAI1,ENSG00000127955,False,False,False,False,False,False,True,True,True,True,True,True,True
ZFP36,ENSG00000128016,False,False,False,False,False,False,False,False,False,True,True,True,True
PAICS,ENSG00000128050,True,True,True,True,True,True,True,True,True,True,True,True,True
CDC42EP1,ENSG00000128283,True,True,True,True,True,True,True,True,True,True,False,True,False
TPST2,ENSG00000128294,True,True,True,True,True,True,True,True,True,True,False,True,False
RAC2,ENSG00000128340,True,True,True,True,True,True,False,False,False,True,True,True,True
DOCK4,ENSG00000128512,False,False,False,False,False,False,False,False,False,True,False,True,False
CALU,ENSG00000128595,True,True,True,True,True,True,True,True,True,True,True,True,True
CHN1,ENSG00000128656,False,False,False,False,False,False,True,True,True,True,True,True,True
OSGEPL1,ENSG00000128694,False,False,False,False,False,False,False,False,False,True,False,True,False
HAT1,ENSG00000128708,True,True,True,True,True,True,True,True,True,True,True,True,True
CHAC1,ENSG00000128965,False,False,False,False,False,False,False,False,False,True,True,True,True
CLN6,ENSG00000128973,True,True,True,True,True,True,True,True,True,True,False,True,False
ARPP19,ENSG00000128989,True,True,True,True,True,True,True,True,True,True,True,True,True
LOXL1,ENSG00000129038,False,False,False,False,False,False,True,True,True,True,True,True,True
PSMA1,ENSG00000129084,True,True,True,True,True,True,True,True,True,True,False,True,False
DCTD,ENSG00000129187,True,True,True,True,True,True,True,True,True,True,True,True,True
TXNDC17,ENSG00000129235,True,True,True,True,True,True,True,True,True,False,False,False,False
PHF20L1,ENSG00000129292,True,True,True,True,True,True,True,True,True,True,False,True,False
ILF3,ENSG00000129351,True,True,True,True,True,True,True,True,True,True,False,True,False
ADCY4,ENSG00000129467,False,False,False,False,False,False,False,False,False,False,False,False,False
PARP2,ENSG00000129484,True,True,True,True,True,True,True,True,True,True,True,True,True
SNX6,ENSG00000129515,True,True,True,True,True,True,True,True,True,True,True,True,True
EAPP,ENSG00000129518,True,True,True,True,True,True,True,True,True,True,True,True,True
TEP1,ENSG00000129566,False,False,False,False,False,False,False,False,False,True,False,True,False
REEP5,ENSG00000129625,True,True,True,True,True,True,True,True,True,True,True,True,True
ITFG1,ENSG00000129636,True,True,True,True,True,True,True,True,True,True,True,True,True
ART1,ENSG00000129744,False,False,False,False,False,False,False,False,False,True,False,True,False
MAU2,ENSG00000129933,True,True,True,True,True,True,True,True,True,True,False,True,False
STARD8,ENSG00000130052,False,False,False,False,False,False,False,False,False,True,False,True,False
LDLR,ENSG00000130164,True,True,True,True,True,True,True,True,True,True,False,True,False
CNN1,ENSG00000130176,True,True,True,False,False,False,False,False,False,True,False,True,False
APOE,ENSG00000130203,True,True,True,True,True,True,False,False,False,True,True,True,True
XPO7,ENSG00000130227,True,True,True,True,True,True,True,True,True,True,True,True,True
ACSBG2,ENSG00000130377,False,False,False,False,False,False,False,False,False,True,False,True,False
FCHO1,ENSG00000130475,False,False,False,False,False,False,False,False,False,True,True,True,True
JUND,ENSG00000130522,True,True,True,True,True,True,True,True,True,True,False,True,False
OLFM1,ENSG00000130558,False,False,False,False,False,False,False,False,False,True,False,True,False
PAK4,ENSG00000130669,True,True,True,True,True,True,True,True,True,True,True,True,True
TAF4,ENSG00000130699,True,True,True,True,True,True,False,False,False,True,False,True,False
OSBPL2,ENSG00000130703,True,True,True,True,True,True,True,True,True,True,False,True,False
DNMT1,ENSG00000130816,True,True,True,True,True,True,True,True,True,True,True,True,True
PKDREJ,ENSG00000130943,False,False,False,False,False,False,False,False,False,True,False,True,False
RGN,ENSG00000130988,False,False,False,False,False,False,False,False,False,True,False,True,False
LILRB2,ENSG00000131042,False,False,False,False,False,False,False,False,False,True,False,True,False
F12,ENSG00000131187,True,True,True,True,True,True,True,True,True,True,False,True,False
PRR7,ENSG00000131188,False,False,False,False,False,False,True,True,True,True,True,True,True
SH3BP5,ENSG00000131370,True,True,True,True,True,True,True,True,True,True,True,True,True
TBC1D5,ENSG00000131374,True,True,True,True,True,True,True,True,True,True,False,True,False
NR1H2,ENSG00000131408,True,True,True,True,True,True,True,True,True,True,True,True,True
ACLY,ENSG00000131473,True,True,True,True,True,True,True,True,True,True,True,True,True
IL13RA1,ENSG00000131724,True,True,True,True,True,True,True,True,True,True,True,True,True
TOP2A,ENSG00000131747,True,True,True,True,True,True,True,True,True,True,True,True,True
STARD3,ENSG00000131748,True,True,True,True,True,True,True,True,True,True,False,True,False
ZNF132,ENSG00000131849,False,False,False,False,False,False,False,False,False,True,False,True,False
RHPN2,ENSG00000131941,False,False,False,False,False,False,False,False,False,False,False,False,False
DNAJB1,ENSG00000132002,True,True,True,True,True,True,True,True,True,True,True,True,True
LRRC41,ENSG00000132128,True,True,True,True,True,True,True,True,True,True,True,True,True
PPARG,ENSG00000132170,False,False,False,False,False,False,True,True,True,True,True,True,True
ENOSF1,ENSG00000132199,True,True,True,True,True,True,True,True,True,True,True,True,True
ARFIP2,ENSG00000132254,True,True,True,True,True,True,True,True,True,True,True,True,True
RRP8,ENSG00000132275,True,True,True,True,True,True,True,True,True,True,True,True,True
RPA1,ENSG00000132383,True,True,True,True,True,True,True,True,True,True,True,True,True
MTSS2,ENSG00000132613,False,False,False,False,False,False,False,False,False,True,False,True,False
SNAP25,ENSG00000132639,False,False,False,False,False,False,False,False,False,True,True,True,True
PCNA,ENSG00000132646,True,True,True,True,True,True,True,True,True,True,True,True,True
KHDC4,ENSG00000132680,True,True,True,True,True,True,True,True,True,True,True,True,True
HAPLN2,ENSG00000132702,False,False,False,False,False,False,False,False,False,True,False,True,False
DPH2,ENSG00000132768,True,True,True,True,True,True,True,True,True,True,True,True,True
CASP9,ENSG00000132906,False,False,False,False,False,False,False,False,False,True,False,True,False
USPL1,ENSG00000132952,True,True,True,True,True,True,True,True,True,True,False,True,False
CDK8,ENSG00000132964,True,True,True,True,True,True,True,True,True,True,False,True,False
WASF3,ENSG00000132970,False,False,False,False,False,False,True,True,True,True,True,True,True
PIK3C2B,ENSG00000133056,False,False,False,False,False,False,False,False,False,True,True,True,True
CCNA1,ENSG00000133101,False,False,False,False,False,False,False,False,False,True,True,True,True
TRPC4,ENSG00000133107,False,False,False,False,False,False,False,False,False,True,False,True,False
BEX2,ENSG00000133134,True,True,True,True,True,True,False,False,False,False,False,False,False
TCEAL4,ENSG00000133142,False,False,False,False,False,False,True,True,True,True,True,True,True
EPHB2,ENSG00000133216,False,False,False,False,False,False,True,True,True,True,True,True,True
CNDP2,ENSG00000133313,True,True,True,True,True,True,True,True,True,True,True,True,True
MYH11,ENSG00000133392,False,False,False,False,False,False,False,False,False,True,False,True,False
FOPNL,ENSG00000133393,True,True,True,True,True,True,True,True,True,False,False,False,False
PDZD2,ENSG00000133401,False,False,False,False,False,False,False,False,False,True,False,True,False
IMPA1,ENSG00000133731,True,True,True,True,True,True,True,True,True,True,False,True,False
CCNB1,ENSG00000134057,True,True,True,True,True,True,True,True,True,True,True,True,True
CDK7,ENSG00000134058,True,True,True,True,True,True,True,True,True,True,True,True,True
BHLHE40,ENSG00000134107,True,True,True,True,True,True,True,True,True,True,True,True,True
EDEM1,ENSG00000134109,True,True,True,True,True,True,True,True,True,True,True,True,True
EMC7,ENSG00000134153,True,True,True,True,True,True,True,True,True,True,False,True,False
VAV3,ENSG00000134215,False,False,False,False,False,False,False,False,False,True,True,True,True
PSRC1,ENSG00000134222,True,True,True,True,True,True,True,True,True,True,True,True,True
ANO3,ENSG00000134343,False,False,False,False,False,False,False,False,False,True,False,True,False
CCNH,ENSG00000134480,True,True,True,True,True,True,True,True,True,True,True,True,True
TMEM241,ENSG00000134490,False,False,False,False,False,False,False,False,False,False,False,False,False
DDB2,ENSG00000134574,False,False,False,False,False,False,True,True,True,True,True,True,True
CDCA8,ENSG00000134690,True,True,True,True,True,True,True,True,True,True,False,True,False
DSG3,ENSG00000134757,False,False,False,False,False,False,False,False,False,True,False,True,False
ERCC5,ENSG00000134899,True,True,True,True,True,True,True,True,True,True,False,True,False
STT3A,ENSG00000134910,True,True,True,True,True,True,True,True,True,True,False,True,False
ETS1,ENSG00000134954,False,False,False,False,False,False,True,True,True,True,True,True,True
CTSL,ENSG00000135047,True,True,True,True,True,True,True,True,True,True,True,True,True
CEMIP2,ENSG00000135048,True,True,True,True,True,True,True,True,True,True,True,True,True
FBXO21,ENSG00000135108,True,True,True,True,True,True,True,True,True,True,True,True,True
HRK,ENSG00000135116,False,False,False,False,False,False,False,False,False,True,False,True,False
BICDL1,ENSG00000135127,False,False,False,False,False,False,False,False,False,True,False,True,False
DMTF1,ENSG00000135164,True,True,True,True,True,True,True,True,True,True,True,True,True
TES,ENSG00000135269,True,True,True,True,True,True,True,True,True,True,True,True,True
MRAP2,ENSG00000135324,True,True,True,True,True,True,False,False,False,False,False,False,False
PRPH,ENSG00000135406,False,False,False,False,False,False,False,False,False,True,False,True,False
AVIL,ENSG00000135407,False,False,False,False,False,False,False,False,False,True,False,True,False
GDF11,ENSG00000135414,True,True,True,True,True,True,True,True,True,True,False,True,False
CDK4,ENSG00000135446,True,True,True,True,True,True,True,True,True,True,True,True,True
TFCP2,ENSG00000135457,True,True,True,True,True,True,True,True,True,True,False,True,False
PAN2,ENSG00000135473,False,False,False,False,False,False,False,False,False,True,True,True,True
MAP7,ENSG00000135525,False,False,False,False,False,False,False,False,False,True,True,True,True
DYSF,ENSG00000135636,False,False,False,False,False,False,True,True,True,True,False,True,False
KCNK1,ENSG00000135750,False,False,False,False,False,False,False,False,False,True,True,True,True
COG2,ENSG00000135775,True,True,True,True,True,True,True,True,True,True,True,True,True
USP37,ENSG00000135913,True,True,True,True,True,True,True,True,True,False,False,False,False
DNAJB2,ENSG00000135924,False,False,False,False,False,False,True,True,True,True,True,True,True
CAB39,ENSG00000135932,True,True,True,True,True,True,True,True,True,True,True,True,True
REV1,ENSG00000135945,True,True,True,True,True,True,True,True,True,True,False,True,False
C2orf49,ENSG00000135974,True,True,True,True,True,True,True,True,True,True,False,True,False
PWP1,ENSG00000136045,True,True,True,True,True,True,True,True,True,True,True,True,True
WASHC4,ENSG00000136051,True,True,True,True,True,True,True,True,True,True,True,True,True
FLNB,ENSG00000136068,True,True,True,True,True,True,True,True,True,True,False,True,False
TBC1D4,ENSG00000136111,True,True,True,True,True,True,True,True,True,True,False,True,False
SCRN1,ENSG00000136193,False,False,False,False,False,False,True,True,True,True,True,True,True
KDELR2,ENSG00000136240,True,True,True,True,True,True,True,True,True,True,True,True,True
BZW2,ENSG00000136261,True,True,True,True,True,True,True,True,True,True,True,True,True
TTYH3,ENSG00000136295,False,False,False,False,False,False,True,True,True,False,False,False,False
TTC5,ENSG00000136319,True,True,True,True,True,True,True,True,True,False,False,False,False
NMT1,ENSG00000136448,True,True,True,True,True,True,True,True,True,True,True,True,True
SCN2A,ENSG00000136531,False,False,False,False,False,False,False,False,False,True,False,True,False
EPRS,ENSG00000136628,True,True,True,True,True,True,True,True,True,True,True,True,True
IL36B,ENSG00000136696,False,False,False,False,False,False,False,False,False,False,False,False,False
YME1L1,ENSG00000136758,True,True,True,True,True,True,True,True,True,True,True,True,True
TOR1A,ENSG00000136827,True,True,True,True,True,True,True,True,True,True,True,True,True
STXBP1,ENSG00000136854,False,False,False,False,False,False,True,True,True,True,True,True,True
TLR4,ENSG00000136869,False,False,False,False,False,False,True,True,True,True,True,True,True
PRPF4,ENSG00000136875,True,True,True,True,True,True,True,True,True,True,True,True,True
FPGS,ENSG00000136877,True,True,True,True,True,True,True,True,True,True,True,True,True
USP20,ENSG00000136878,True,True,True,True,True,True,False,False,False,True,False,True,False
TEX10,ENSG00000136891,True,True,True,True,True,True,True,True,True,True,True,True,True
MYC,ENSG00000136997,True,True,True,True,True,True,True,True,True,True,True,True,True
DENND4C,ENSG00000137145,True,True,True,True,True,True,True,True,True,True,False,True,False
CNPY3,ENSG00000137161,True,True,True,True,True,True,True,True,True,True,True,True,True
PPIL1,ENSG00000137168,True,True,True,True,True,True,True,True,True,False,False,False,False
ZSCAN9,ENSG00000137185,True,True,True,True,True,True,False,False,False,True,False,True,False
TFAP2A,ENSG00000137203,True,True,True,True,True,True,True,True,True,True,True,True,True
TUBB2A,ENSG00000137267,True,True,True,True,True,True,True,True,True,True,False,True,False
BPHL,ENSG00000137274,True,True,True,True,True,True,True,True,True,True,True,True,True
IER3,ENSG00000137331,True,True,True,True,True,True,True,True,True,True,True,True,True
ARRB1,ENSG00000137486,True,True,True,True,True,True,False,False,False,True,False,True,False
SLCO2B1,ENSG00000137491,False,False,False,False,False,False,False,False,False,True,False,True,False
PRCP,ENSG00000137509,True,True,True,True,True,True,True,True,True,True,True,True,True
SDCBP,ENSG00000137575,True,True,True,True,True,True,True,True,True,True,False,True,False
SORL1,ENSG00000137642,False,False,False,False,False,False,False,False,False,True,False,True,False
MMP20,ENSG00000137674,False,False,False,False,False,False,False,False,False,True,False,True,False
DCUN1D5,ENSG00000137692,True,True,True,True,True,True,True,True,True,False,False,False,False
TRIM29,ENSG00000137699,False,False,False,False,False,False,False,False,False,True,False,True,False
SLC37A4,ENSG00000137700,True,True,True,True,True,True,True,True,True,True,True,True,True
RDX,ENSG00000137710,True,True,True,True,True,True,True,True,True,True,False,True,False
FXYD6,ENSG00000137726,False,False,False,False,False,False,False,False,False,True,False,True,False
MAP2K5,ENSG00000137764,True,True,True,True,True,True,True,True,True,True,True,True,True
SQOR,ENSG00000137767,False,False,False,False,False,False,True,True,True,True,True,True,True
CTDSPL2,ENSG00000137770,True,True,True,True,True,True,True,True,True,False,False,False,False
NUSAP1,ENSG00000137804,True,True,True,True,True,True,True,True,True,True,True,True,True
KIF23,ENSG00000137807,True,True,True,True,True,True,True,True,True,True,False,True,False
PAK6,ENSG00000137843,False,False,False,False,False,False,False,False,False,True,True,True,True
ADAM10,ENSG00000137845,True,True,True,True,True,True,True,True,True,True,True,True,True
SLC5A6,ENSG00000138074,True,True,True,True,True,True,True,True,True,True,True,True,True
FBXO11,ENSG00000138081,True,True,True,True,True,True,True,True,True,True,True,True,True
ANXA7,ENSG00000138279,True,True,True,True,True,True,True,True,True,True,True,True,True
TET1,ENSG00000138336,True,True,True,True,True,True,True,True,True,False,False,False,False
GUCA1C,ENSG00000138472,False,False,False,False,False,False,False,False,False,False,False,False,False
SECISBP2L,ENSG00000138593,True,True,True,True,True,True,True,True,True,True,False,True,False
HERC6,ENSG00000138642,False,False,False,False,False,False,False,False,False,True,True,True,True
PRDM5,ENSG00000138738,False,False,False,False,False,False,False,False,False,True,False,True,False
CDKL2,ENSG00000138769,False,False,False,False,False,False,False,False,False,True,False,True,False
CENPE,ENSG00000138778,True,True,True,True,True,True,True,True,True,True,True,True,True
HADH,ENSG00000138796,True,True,True,True,True,True,True,True,True,True,True,True,True
EGF,ENSG00000138798,False,False,False,False,False,False,False,False,False,True,True,True,True
MTTP,ENSG00000138823,False,False,False,False,False,False,False,False,False,True,False,True,False
LLPH,ENSG00000139233,True,True,True,True,True,True,True,True,True,True,False,True,False
DUSP6,ENSG00000139318,False,False,False,False,False,False,True,True,True,True,True,True,True
AMDHD1,ENSG00000139344,False,False,False,False,False,False,False,False,False,False,False,False,False
TCHP,ENSG00000139437,True,True,True,True,True,True,True,True,True,False,False,False,False
GALNT6,ENSG00000139629,True,True,True,True,True,True,False,False,False,True,False,True,False
ZNF740,ENSG00000139651,True,True,True,True,True,True,False,False,False,False,False,False,False
RB1,ENSG00000139687,True,True,True,True,True,True,True,True,True,True,True,True,True
RBM26,ENSG00000139746,True,True,True,True,True,True,True,True,True,True,False,True,False
MBNL2,ENSG00000139793,True,True,True,True,True,True,True,True,True,True,True,True,True
REM2,ENSG00000139890,False,False,False,False,False,False,False,False,False,False,False,False,False
KCNH5,ENSG00000140015,False,False,False,False,False,False,False,False,False,False,False,False,False
GPR65,ENSG00000140030,False,False,False,False,False,False,False,False,False,True,False,True,False
FAM181A,ENSG00000140067,False,False,False,False,False,False,False,False,False,False,False,False,False
WDR20,ENSG00000140153,True,True,True,True,True,True,True,True,True,False,False,False,False
BNIP2,ENSG00000140299,True,True,True,True,True,True,True,True,True,True,False,True,False
GTF2A2,ENSG00000140307,True,True,True,True,True,True,True,True,True,True,True,True,True
UBE2Q2,ENSG00000140367,True,True,True,True,True,True,True,True,True,False,False,False,False
PSTPIP1,ENSG00000140368,False,False,False,False,False,False,False,False,False,True,False,True,False
BCL2A1,ENSG00000140379,False,False,False,False,False,False,False,False,False,True,False,True,False
TSPAN3,ENSG00000140391,True,True,True,True,True,True,True,True,True,True,True,True,True
WDR61,ENSG00000140395,True,True,True,True,True,True,True,True,True,True,True,True,True
TPM1,ENSG00000140416,True,True,True,True,True,True,True,True,True,True,True,True,True
IGF1R,ENSG00000140443,True,True,True,True,True,True,True,True,True,True,True,True,True
NTRK3,ENSG00000140538,False,False,False,False,False,False,False,False,False,True,False,True,False
DET1,ENSG00000140543,False,False,False,False,False,False,False,False,False,True,False,True,False
IQGAP1,ENSG00000140575,True,True,True,True,True,True,True,True,True,True,True,True,True
PMM2,ENSG00000140650,True,True,True,True,True,True,True,True,True,True,True,True,True
PARN,ENSG00000140694,True,True,True,True,True,True,True,True,True,True,False,True,False
TXNL4B,ENSG00000140830,True,True,True,True,True,True,True,True,True,True,True,True,True
NOL3,ENSG00000140939,False,False,False,False,False,False,True,True,True,True,True,True,True
MBTPS1,ENSG00000140943,True,True,True,True,True,True,True,True,True,True,True,True,True
OSGIN1,ENSG00000140961,False,False,False,False,False,False,False,False,False,True,False,True,False
IRF8,ENSG00000140968,False,False,False,False,False,False,False,False,False,True,False,True,False
RHOT2,ENSG00000140983,True,True,True,True,True,True,True,True,True,True,False,True,False
PDPK1,ENSG00000140992,True,True,True,True,True,True,True,True,True,True,False,True,False
OR4D1,ENSG00000141194,False,False,False,False,False,False,False,False,False,False,False,False,False
VPS53,ENSG00000141252,True,True,True,True,True,True,True,True,True,True,False,True,False
SPATA22,ENSG00000141255,True,True,True,True,True,True,False,False,False,False,False,False,False
CLTC,ENSG00000141367,True,True,True,True,True,True,True,True,True,True,True,True,True
SLC39A6,ENSG00000141424,True,True,True,True,True,True,True,True,True,True,False,True,False
PELP1,ENSG00000141456,True,True,True,True,True,True,True,True,True,True,False,True,False
NPC1,ENSG00000141458,False,False,False,False,False,False,True,True,True,True,True,True,True
MINK1,ENSG00000141503,False,False,False,False,False,False,True,True,True,True,False,True,False
SAT2,ENSG00000141504,True,True,True,False,False,False,True,True,True,False,False,False,False
TP53,ENSG00000141510,False,False,False,False,False,False,True,True,True,True,True,True,True
PMAIP1,ENSG00000141682,True,True,True,True,True,True,True,True,True,True,True,True,True
ERBB2,ENSG00000141736,False,False,False,False,False,False,True,True,True,True,True,True,True
GRB7,ENSG00000141738,False,False,False,False,False,False,False,False,False,True,True,True,True
MVB12A,ENSG00000141971,True,True,True,True,True,True,True,True,True,False,False,False,False
CCDC97,ENSG00000142039,True,True,True,True,True,True,False,False,False,False,False,False,False
SIRT3,ENSG00000142082,False,False,False,False,False,False,False,False,False,True,True,True,True
IFNAR1,ENSG00000142166,True,True,True,True,True,True,True,True,True,True,True,True,True
APP,ENSG00000142192,False,False,False,False,False,False,True,True,True,True,True,True,True
AKT1,ENSG00000142208,True,True,True,True,True,True,True,True,True,True,True,True,True
PSMB6,ENSG00000142507,True,True,True,True,True,True,True,True,True,True,False,True,False
NOSIP,ENSG00000142546,True,True,True,True,True,True,True,True,True,True,True,True,True
EPHA2,ENSG00000142627,False,False,False,False,False,False,True,True,True,True,False,True,False
WDTC1,ENSG00000142784,True,True,True,True,True,True,True,True,True,True,True,True,True
KIF2C,ENSG00000142945,True,True,True,True,True,True,True,True,True,True,True,True,True
PTPRF,ENSG00000142949,True,True,True,True,True,True,True,True,True,True,True,True,True
MTF2,ENSG00000143033,True,True,True,True,True,True,True,True,True,True,True,True,True
ATP1B1,ENSG00000143153,False,False,False,False,False,False,True,True,True,True,True,True,True
MPC2,ENSG00000143158,True,True,True,True,True,True,True,True,True,True,True,True,True
CREG1,ENSG00000143162,True,True,True,True,True,True,False,False,False,True,True,True,True
TMCO1,ENSG00000143183,True,True,True,True,True,True,True,True,True,True,True,True,True
ILDR2,ENSG00000143195,False,False,False,False,False,False,False,False,False,False,False,False,False
MGST3,ENSG00000143198,True,True,True,True,True,True,True,True,True,True,False,True,False
COP1,ENSG00000143207,True,True,True,True,True,True,True,True,True,False,False,False,False
UFC1,ENSG00000143222,True,True,True,True,True,True,True,True,True,True,False,True,False
PPOX,ENSG00000143224,True,True,True,True,True,True,False,False,False,True,True,True,True
PFDN2,ENSG00000143256,True,True,True,True,True,True,True,True,True,True,False,True,False
PIGM,ENSG00000143315,True,True,True,True,True,True,True,True,True,False,False,False,False
PRUNE1,ENSG00000143363,True,True,True,True,True,True,False,False,False,True,True,True,True
SF3B4,ENSG00000143368,True,True,True,True,True,True,True,True,True,True,False,True,False
ADAMTSL4,ENSG00000143382,True,True,True,True,True,True,False,False,False,True,False,True,False
RFX5,ENSG00000143390,True,True,True,True,True,True,True,True,True,True,True,True,True
MINDY1,ENSG00000143409,False,False,False,False,False,False,False,False,False,True,True,True,True
OAZ3,ENSG00000143450,False,False,False,False,False,False,False,False,False,True,False,True,False
DYRK3,ENSG00000143479,True,True,True,True,True,True,True,True,True,True,True,True,True
DUSP10,ENSG00000143507,True,True,True,False,False,False,False,False,False,True,False,True,False
TP53BP2,ENSG00000143514,True,True,True,True,True,True,True,True,True,True,True,True,True
SLC27A3,ENSG00000143554,False,False,False,False,False,False,False,False,False,True,True,True,True
INTS3,ENSG00000143624,True,True,True,True,True,True,True,True,True,True,True,True,True
SCCPDH,ENSG00000143653,True,True,True,True,True,True,True,True,True,True,True,True,True
NVL,ENSG00000143748,True,True,True,True,True,True,True,True,True,True,True,True,True
MBOAT2,ENSG00000143797,False,False,False,False,False,False,True,True,True,True,False,True,False
PARP1,ENSG00000143799,True,True,True,True,True,True,True,True,True,True,True,True,True
LBR,ENSG00000143815,True,True,True,True,True,True,True,True,True,True,True,True,True
ZNF514,ENSG00000144026,True,True,True,True,True,True,False,False,False,False,False,False,False
NAT8,ENSG00000144035,False,False,False,False,False,False,False,False,False,False,False,False,False
SFXN5,ENSG00000144040,True,True,True,True,True,True,True,True,True,False,False,False,False
DUSP11,ENSG00000144048,True,True,True,True,True,True,True,True,True,True,True,True,True
RALB,ENSG00000144118,True,True,True,True,True,True,True,True,True,True,True,True,True
LIPT1,ENSG00000144182,False,False,False,False,False,False,False,False,False,True,False,True,False
HSPD1,ENSG00000144381,True,True,True,True,True,True,True,True,True,True,True,True,True
ACKR3,ENSG00000144476,False,False,False,False,False,False,False,False,False,True,False,True,False
VGLL4,ENSG00000144560,True,True,True,True,True,True,True,True,True,True,True,True,True
TMF1,ENSG00000144747,True,True,True,True,True,True,True,True,True,True,False,True,False
ATG3,ENSG00000144848,True,True,True,True,True,True,True,True,True,True,True,True,True
TRPC1,ENSG00000144935,False,False,False,False,False,False,False,False,False,True,False,True,False
TCTA,ENSG00000145022,True,True,True,False,False,False,True,True,True,True,True,True,True
NICN1,ENSG00000145029,False,False,False,False,False,False,False,False,False,False,False,False,False
STXBP5L,ENSG00000145087,False,False,False,False,False,False,False,False,False,True,False,True,False
MUC4,ENSG00000145113,False,False,False,False,False,False,False,False,False,True,False,True,False
ENOPH1,ENSG00000145293,True,True,True,True,True,True,True,True,True,True,True,True,True
SNCA,ENSG00000145335,False,False,False,False,False,False,True,True,True,True,True,True,True
CCNA2,ENSG00000145386,True,True,True,True,True,True,True,True,True,True,True,True,True
GLRA3,ENSG00000145451,False,False,False,False,False,False,False,False,False,True,False,True,False
MYO10,ENSG00000145555,False,False,False,False,False,False,True,True,True,True,True,True,True
SSBP2,ENSG00000145687,True,True,True,True,True,True,False,False,False,True,True,True,True
RASA1,ENSG00000145715,True,True,True,True,True,True,True,True,True,True,True,True,True
TNIP1,ENSG00000145901,True,True,True,True,True,True,True,True,True,True,True,True,True
GFOD1,ENSG00000145990,False,False,False,False,False,False,True,True,True,True,True,True,True
TNFRSF21,ENSG00000146072,False,False,False,False,False,False,False,False,False,True,True,True,True
TTBK1,ENSG00000146216,False,False,False,False,False,False,False,False,False,False,False,False,False
NFKBIE,ENSG00000146232,False,False,False,False,False,False,False,False,False,True,True,True,True
PM20D2,ENSG00000146281,False,False,False,False,False,False,True,True,True,False,False,False,False
SCML4,ENSG00000146285,False,False,False,False,False,False,False,False,False,False,False,False,False
TAAR2,ENSG00000146378,False,False,False,False,False,False,False,False,False,True,False,True,False
WTAP,ENSG00000146457,True,True,True,True,True,True,True,True,True,True,False,True,False
VWDE,ENSG00000146530,False,False,False,False,False,False,False,False,False,False,False,False,False
EGFR,ENSG00000146648,False,False,False,False,False,False,True,True,True,True,True,True,True
CDCA5,ENSG00000146670,True,True,True,True,True,True,True,True,True,False,False,False,False
IGFBP3,ENSG00000146674,False,False,False,False,False,False,True,True,True,True,True,True,True
TLK2,ENSG00000146872,True,True,True,True,True,True,True,True,True,True,True,True,True
LUC7L2,ENSG00000146963,True,True,True,True,True,True,True,True,True,True,False,True,False
CASK,ENSG00000147044,False,False,False,False,False,False,True,True,True,True,True,True,True
EBP,ENSG00000147155,True,True,True,True,True,True,True,True,True,True,True,True,True
IL2RG,ENSG00000147168,False,False,False,False,False,False,False,False,False,True,False,True,False
NSDHL,ENSG00000147383,True,True,True,True,True,True,True,True,True,True,True,True,True
LRP12,ENSG00000147650,True,True,True,True,True,True,True,True,True,True,False,True,False
POLR2K,ENSG00000147669,True,True,True,True,True,True,True,True,True,True,True,True,True
ZNF7,ENSG00000147789,True,True,True,True,True,True,True,True,True,True,False,True,False
CDKN2A,ENSG00000147889,False,False,False,False,False,False,True,True,True,True,True,True,True
NTRK2,ENSG00000148053,False,False,False,False,False,False,False,False,False,True,False,True,False
ALAD,ENSG00000148218,False,False,False,False,False,False,True,True,True,True,False,True,False
NOTCH1,ENSG00000148400,False,False,False,False,False,False,False,False,False,True,True,True,True
USP6NL,ENSG00000148429,True,True,True,True,True,True,True,True,True,True,True,True,True
RSU1,ENSG00000148484,True,True,True,True,True,True,True,True,True,True,True,True,True
PARD3,ENSG00000148498,True,True,True,True,True,True,True,True,True,True,False,True,False
A1CF,ENSG00000148584,False,False,False,False,False,False,False,False,False,True,False,True,False
POLR3A,ENSG00000148606,True,True,True,True,True,True,True,True,True,False,False,False,False
MKI67,ENSG00000148773,True,True,True,True,True,True,True,True,True,True,False,True,False
PAK1,ENSG00000149269,True,True,True,True,True,True,True,True,True,True,True,True,True
HYOU1,ENSG00000149428,True,True,True,True,True,True,True,True,True,True,True,True,True
EI24,ENSG00000149547,True,True,True,True,True,True,True,True,True,True,False,True,False
CHEK1,ENSG00000149554,True,True,True,True,True,True,True,True,True,True,True,True,True
CDH22,ENSG00000149654,False,False,False,False,False,False,False,False,False,True,False,True,False
LSM14B,ENSG00000149657,True,True,True,True,True,True,True,True,True,True,False,True,False
YTHDF1,ENSG00000149658,True,True,True,True,True,True,True,True,True,True,True,True,True
PLCB3,ENSG00000149782,False,False,False,False,False,False,True,True,True,True,True,True,True
HMGA2,ENSG00000149948,False,False,False,False,False,False,True,True,True,True,True,True,True
ARID5B,ENSG00000150347,True,True,True,True,True,True,True,True,True,True,True,True,True
LATS2,ENSG00000150457,False,False,False,False,False,False,True,True,True,False,False,False,False
PDCD4,ENSG00000150593,True,True,True,True,True,True,True,True,True,True,False,True,False
CCDC83,ENSG00000150676,False,False,False,False,False,False,False,False,False,False,False,False,False
RGS18,ENSG00000150681,False,False,False,False,False,False,False,False,False,False,False,False,False
PRSS23,ENSG00000150687,False,False,False,False,False,False,True,True,True,True,True,True,True
MTMR12,ENSG00000150712,True,True,True,True,True,True,True,True,True,True,False,True,False
PPP1R1C,ENSG00000150722,False,False,False,False,False,False,False,False,False,False,False,False,False
DOCK1,ENSG00000150760,False,False,False,False,False,False,True,True,True,True,False,True,False
DLAT,ENSG00000150768,True,True,True,True,True,True,True,True,True,True,False,True,False
UBE3B,ENSG00000151148,True,True,True,True,True,True,True,True,True,True,True,True,True
EIF4E,ENSG00000151247,True,True,True,True,True,True,True,True,True,True,False,True,False
NUBPL,ENSG00000151413,True,True,True,True,True,True,True,True,True,True,False,True,False
INPP1,ENSG00000151689,True,True,True,True,True,True,True,True,True,True,True,True,True
SLC25A4,ENSG00000151729,True,True,True,True,True,True,True,True,True,True,True,True,True
ZNF385D,ENSG00000151789,False,False,False,False,False,False,False,False,False,True,False,True,False
CCDC175,ENSG00000151838,False,False,False,False,False,False,False,False,False,False,False,False,False
PABPC3,ENSG00000151846,False,False,False,False,False,False,False,False,False,True,False,True,False
PARP8,ENSG00000151883,False,False,False,False,False,False,True,True,True,True,False,True,False
BAG3,ENSG00000151929,True,True,True,True,True,True,True,True,True,True,True,True,True
TMEM132D,ENSG00000151952,False,False,False,False,False,False,False,False,False,False,False,False,False
SPOCK1,ENSG00000152377,False,False,False,False,False,False,True,True,True,True,False,True,False
RPP38,ENSG00000152464,True,True,True,True,True,True,True,True,True,True,True,True,True
PAN3,ENSG00000152520,True,True,True,True,True,True,False,False,False,False,False,False,False
PLEKHH2,ENSG00000152527,False,False,False,False,False,False,False,False,False,False,False,False,False
DMP1,ENSG00000152592,False,False,False,False,False,False,False,False,False,True,False,True,False
MBNL1,ENSG00000152601,True,True,True,True,True,True,True,True,True,True,True,True,True
ANKRD22,ENSG00000152766,False,False,False,False,False,False,False,False,False,False,False,False,False
PTPRK,ENSG00000152894,False,False,False,False,False,False,True,True,True,True,True,True,True
MED21,ENSG00000152944,True,True,True,True,True,True,True,True,True,True,False,True,False
CAST,ENSG00000153113,True,True,True,True,True,True,True,True,True,True,True,True,True
CETN3,ENSG00000153140,True,True,True,True,True,True,True,True,True,True,True,True,True
SMARCA5,ENSG00000153147,True,True,True,True,True,True,True,True,True,True,False,True,False
OR14K1,ENSG00000153230,False,False,False,False,False,False,False,False,False,False,False,False,False
PTPRR,ENSG00000153233,False,False,False,False,False,False,False,False,False,True,False,True,False
CD8A,ENSG00000153563,False,False,False,False,False,False,False,False,False,True,False,True,False
RPIA,ENSG00000153574,True,True,True,True,True,True,True,True,True,True,True,True,True
JAZF1,ENSG00000153814,False,False,False,False,False,False,True,True,True,False,False,False,False
MCOLN2,ENSG00000153898,False,False,False,False,False,False,False,False,False,False,False,False,False
HS2ST1,ENSG00000153936,True,True,True,True,True,True,True,True,True,True,True,True,True
PPP2R5E,ENSG00000154001,True,True,True,True,True,True,True,True,True,True,True,True,True
OTULIN,ENSG00000154124,True,True,True,True,True,True,True,True,True,False,False,False,False
TOMM70,ENSG00000154174,True,True,True,True,True,True,True,True,True,True,True,True,True
ENPP3,ENSG00000154269,False,False,False,False,False,False,False,False,False,False,False,False,False
UCHL1,ENSG00000154277,False,False,False,False,False,False,True,True,True,True,False,True,False
DISP1,ENSG00000154309,False,False,False,False,False,False,False,False,False,False,False,False,False
C10orf90,ENSG00000154493,False,False,False,False,False,False,False,False,False,False,False,False,False
DIPK1A,ENSG00000154511,False,False,False,False,False,False,True,True,True,True,True,True,True
SORBS2,ENSG00000154556,False,False,False,False,False,False,True,True,True,True,False,True,False
TSEN2,ENSG00000154743,True,True,True,True,True,True,True,True,True,True,True,True,True
PIEZO2,ENSG00000154864,False,False,False,False,False,False,False,False,False,True,False,True,False
OTUD6B,ENSG00000155100,True,True,True,True,True,True,True,True,True,False,False,False,False
CDK19,ENSG00000155111,True,True,True,True,True,True,True,True,True,True,True,True,True
NIFK,ENSG00000155438,True,True,True,True,True,True,True,True,True,False,False,False,False
OXA1L,ENSG00000155463,True,True,True,True,True,True,True,True,True,True,True,True,True
ZKSCAN2,ENSG00000155592,False,False,False,False,False,False,False,False,False,False,False,False,False
FZD7,ENSG00000155760,False,False,False,False,False,False,False,False,False,True,True,True,True
RNF20,ENSG00000155827,True,True,True,True,True,True,True,True,True,False,False,False,False
RRAGA,ENSG00000155876,True,True,True,True,True,True,True,True,True,True,True,True,True
CLIC2,ENSG00000155962,False,False,False,False,False,False,False,False,False,True,False,True,False
PSD3,ENSG00000156011,False,False,False,False,False,False,True,True,True,True,False,True,False
DCK,ENSG00000156136,True,True,True,True,True,True,True,True,True,True,True,True,True
ALX3,ENSG00000156150,False,False,False,False,False,False,False,False,False,True,False,True,False
TIAM1,ENSG00000156299,False,False,False,False,False,False,False,False,False,True,True,True,True
SORCS3,ENSG00000156395,False,False,False,False,False,False,False,False,False,True,False,True,False
SFXN2,ENSG00000156398,False,False,False,False,False,False,False,False,False,False,False,False,False
SH3RF2,ENSG00000156463,False,False,False,False,False,False,True,True,True,False,False,False,False
MTERF3,ENSG00000156469,True,True,True,True,True,True,True,True,True,True,True,True,True
SUPV3L1,ENSG00000156502,True,True,True,True,True,True,True,True,True,True,True,True,True
HK1,ENSG00000156515,True,True,True,True,True,True,True,True,True,True,True,True,True
UBE2L6,ENSG00000156587,True,True,True,True,True,True,True,True,True,True,True,True,True
KAT6B,ENSG00000156650,True,True,True,True,True,True,True,True,True,True,True,True,True
UTP14A,ENSG00000156697,True,True,True,True,True,True,True,True,True,True,True,True,True
MAPK13,ENSG00000156711,False,False,False,False,False,False,False,False,False,True,True,True,True
TBC1D31,ENSG00000156787,True,True,True,True,True,True,True,True,True,True,True,True,True
PHKG2,ENSG00000156873,True,True,True,True,True,True,True,True,True,True,True,True,True
SASS6,ENSG00000156876,True,True,True,True,True,True,True,True,True,False,False,False,False
BUB1B,ENSG00000156970,True,True,True,True,True,True,True,True,True,True,True,True,True
BRPF1,ENSG00000156983,True,True,True,True,True,True,True,True,True,True,False,True,False
TATDN2,ENSG00000157014,True,True,True,True,True,True,True,True,True,True,True,True,True
RBPMS,ENSG00000157110,False,False,False,False,False,False,True,True,True,True,False,True,False
FZD1,ENSG00000157240,False,False,False,False,False,False,False,False,False,True,True,True,True
CLEC18A,ENSG00000157322,False,False,False,False,False,False,False,False,False,False,False,False,False
IL34,ENSG00000157368,False,False,False,False,False,False,False,False,False,False,False,False,False
KIT,ENSG00000157404,True,True,True,True,True,True,False,False,False,True,True,True,True
CACNA2D3,ENSG00000157445,False,False,False,False,False,False,False,False,False,True,False,True,False
CCNB2,ENSG00000157456,True,True,True,True,True,True,True,True,True,True,True,True,True
TSC22D3,ENSG00000157514,False,False,False,False,False,False,True,True,True,True,True,True,True
C2CD2,ENSG00000157617,True,True,True,False,False,False,True,True,True,True,True,True,True
BRAF,ENSG00000157764,True,True,True,True,True,True,True,True,True,True,False,True,False
ACAN,ENSG00000157766,False,False,False,False,False,False,False,False,False,True,False,True,False
PANK4,ENSG00000157881,False,False,False,False,False,False,False,False,False,True,False,True,False
WIPI2,ENSG00000157954,True,True,True,True,True,True,True,True,True,True,False,True,False
KRTCAP3,ENSG00000157992,False,False,False,False,False,False,False,False,False,False,False,False,False
NCK1,ENSG00000158092,True,True,True,True,True,True,True,True,True,True,True,True,True
RHPN1,ENSG00000158106,False,False,False,False,False,False,False,False,False,False,False,False,False
XDH,ENSG00000158125,False,False,False,False,False,False,False,False,False,True,False,True,False
FAIM,ENSG00000158234,True,True,True,True,True,True,True,True,True,True,True,True,True
CUL4B,ENSG00000158290,True,True,True,True,True,True,True,True,True,True,False,True,False
GDPD5,ENSG00000158555,False,False,False,False,False,False,False,False,False,True,True,True,True
NIT1,ENSG00000158793,True,True,True,True,True,True,True,True,True,True,True,True,True
TOMM40L,ENSG00000158882,True,True,True,True,True,True,False,False,False,False,False,False,False
MIS18A,ENSG00000159055,True,True,True,True,True,True,True,True,True,True,False,True,False
LAD1,ENSG00000159166,False,False,False,False,False,False,False,False,False,True,False,True,False
CSRP1,ENSG00000159176,False,False,False,False,False,False,True,True,True,True,True,True,True
CLIC6,ENSG00000159212,False,False,False,False,False,False,False,False,False,False,False,False,False
CBR1,ENSG00000159228,False,False,False,False,False,False,True,True,True,True,True,True,True
CBR3,ENSG00000159231,False,False,False,False,False,False,True,True,True,True,True,True,True
ADIPOR1,ENSG00000159346,True,True,True,True,True,True,True,True,True,True,False,True,False
PSMD4,ENSG00000159352,True,True,True,True,True,True,True,True,True,True,True,True,True
STARD9,ENSG00000159433,False,False,False,False,False,False,False,False,False,False,False,False,False
EFCAB14,ENSG00000159658,True,True,True,True,True,True,True,True,True,True,True,True,True
FAM131B,ENSG00000159784,False,False,False,False,False,False,False,False,False,True,False,True,False
PSKH1,ENSG00000159792,True,True,True,True,True,True,True,True,True,True,False,True,False
NPR2,ENSG00000159899,False,False,False,False,False,False,False,False,False,True,False,True,False
CALM3,ENSG00000160014,True,True,True,True,True,True,True,True,True,True,True,True,True
DFFA,ENSG00000160049,True,True,True,True,True,True,True,True,True,True,True,True,True
NR2F6,ENSG00000160113,True,True,True,True,True,True,True,True,True,True,True,True,True
TFF1,ENSG00000160182,False,False,False,False,False,False,False,False,False,True,False,True,False
RRP1B,ENSG00000160208,True,True,True,True,True,True,True,True,True,True,True,True,True
LRRC3,ENSG00000160233,False,False,False,False,False,False,False,False,False,True,False,True,False
RALGDS,ENSG00000160271,True,True,True,True,True,True,True,True,True,True,True,True,True
SLC2A6,ENSG00000160326,False,False,False,False,False,False,False,False,False,True,True,True,True
LCN1,ENSG00000160349,False,False,False,False,False,False,False,False,False,True,False,True,False
HIPK4,ENSG00000160396,False,False,False,False,False,False,False,False,False,False,False,False,False
SHKBP1,ENSG00000160410,True,True,True,True,True,True,True,True,True,False,False,False,False
ZDHHC12,ENSG00000160446,True,True,True,True,True,True,True,True,True,False,False,False,False
PKN3,ENSG00000160447,True,True,True,True,True,True,False,False,False,False,False,False,False
DEDD2,ENSG00000160570,True,True,True,True,True,True,True,True,True,False,False,False,False
SHC1,ENSG00000160691,True,True,True,True,True,True,True,True,True,True,True,True,True
ANO10,ENSG00000160746,True,True,True,True,True,True,True,True,True,True,True,True,True
PMF1,ENSG00000160783,True,True,True,True,True,True,True,True,True,True,False,True,False
UBQLN4,ENSG00000160803,True,True,True,True,True,True,True,True,True,True,False,True,False
FGFR4,ENSG00000160867,False,False,False,False,False,False,False,False,False,True,True,True,True
CYP3A7,ENSG00000160870,False,False,False,False,False,False,False,False,False,True,False,True,False
CPSF4,ENSG00000160917,True,True,True,True,True,True,True,True,True,True,True,True,True
VPS28,ENSG00000160948,True,True,True,True,True,True,True,True,True,True,True,True,True
ZNF333,ENSG00000160961,False,False,False,False,False,False,False,False,False,False,False,False,False
SQSTM1,ENSG00000161011,True,True,True,True,True,True,True,True,True,True,True,True,True
FBXL13,ENSG00000161040,False,False,False,False,False,False,False,False,False,False,False,False,False
ABCF3,ENSG00000161204,True,True,True,True,True,True,True,True,True,True,True,True,True
BDH1,ENSG00000161267,False,False,False,False,False,False,True,True,True,True,True,True,True
SENP3,ENSG00000161956,False,False,False,False,False,False,False,False,False,True,False,True,False
CCNF,ENSG00000162063,True,True,True,True,True,True,True,True,True,True,True,True,True
AMDHD2,ENSG00000162066,True,True,True,True,True,True,True,True,True,True,True,True,True
NEU3,ENSG00000162139,True,True,True,True,True,True,False,False,False,True,False,True,False
CYB561A3,ENSG00000162144,True,True,True,True,True,True,True,True,True,False,False,False,False
USP24,ENSG00000162402,True,True,True,True,True,True,True,True,True,True,False,True,False
NOL9,ENSG00000162408,True,True,True,True,True,True,True,True,True,True,False,True,False
KLHL21,ENSG00000162413,True,True,True,True,True,True,True,True,True,True,True,True,True
KIAA1522,ENSG00000162522,True,True,True,True,True,True,True,True,True,False,False,False,False
SCNN1D,ENSG00000162572,False,False,False,False,False,False,False,False,False,True,False,True,False
MEGF6,ENSG00000162591,False,False,False,False,False,False,True,True,True,True,False,True,False
USP1,ENSG00000162607,True,True,True,True,True,True,True,True,True,True,True,True,True
SNX7,ENSG00000162627,False,False,False,False,False,False,True,True,True,True,True,True,True
BRINP3,ENSG00000162670,False,False,False,False,False,False,False,False,False,True,False,True,False
AGL,ENSG00000162688,True,True,True,True,True,True,True,True,True,True,True,True,True
FAM71A,ENSG00000162771,False,False,False,False,False,False,False,False,False,False,False,False,False
ATF3,ENSG00000162772,False,False,False,True,True,True,True,True,True,True,False,True,False
DENND2D,ENSG00000162777,True,True,True,True,True,True,False,False,False,True,True,True,True
MAPKAPK2,ENSG00000162889,True,True,True,True,True,True,True,True,True,True,True,True,True
FCAMR,ENSG00000162897,False,False,False,False,False,False,False,False,False,False,False,False,False
TYW5,ENSG00000162971,True,True,True,True,True,True,True,True,True,False,False,False,False
LRATD1,ENSG00000162981,False,False,False,False,False,False,False,False,False,False,False,False,False
ACTG2,ENSG00000163017,False,False,False,False,False,False,False,False,False,True,False,True,False
COQ8A,ENSG00000163050,True,True,True,True,True,True,False,False,False,True,True,True,True
SGCB,ENSG00000163069,False,False,False,False,False,False,True,True,True,True,True,True,True
TNFAIP8L2,ENSG00000163154,False,False,False,False,False,False,False,False,False,False,False,False,False
VPS72,ENSG00000163159,True,True,True,True,True,True,True,True,True,True,True,True,True
SMCP,ENSG00000163206,False,False,False,False,False,False,False,False,False,True,False,True,False
DCAF16,ENSG00000163257,True,True,True,True,True,True,True,True,True,True,False,True,False
C1orf189,ENSG00000163263,False,False,False,False,False,False,False,False,False,False,False,False,False
GPR155,ENSG00000163328,False,False,False,False,False,False,False,False,False,False,False,False,False
SLC15A2,ENSG00000163406,False,False,False,False,False,False,False,False,False,True,False,True,False
ARPC2,ENSG00000163466,True,True,True,True,True,True,True,True,True,True,False,True,False
RNF25,ENSG00000163481,True,True,True,True,True,True,True,True,True,True,False,True,False
ADORA1,ENSG00000163485,False,False,False,False,False,False,False,False,False,True,False,True,False
TGFBR2,ENSG00000163513,False,False,False,False,False,False,True,True,True,True,True,True,True
ANKZF1,ENSG00000163516,True,True,True,True,True,True,True,True,True,True,False,True,False
FBLN2,ENSG00000163520,False,False,False,False,False,False,False,False,False,True,False,True,False
EIF5A2,ENSG00000163577,True,True,True,True,True,True,True,True,True,True,False,True,False
GTPBP8,ENSG00000163607,True,True,True,True,True,True,True,True,True,True,True,True,True
CDS1,ENSG00000163624,False,False,False,False,False,False,False,False,False,True,False,True,False
TIPARP,ENSG00000163659,True,True,True,False,False,False,True,True,True,True,True,True,True
SLMAP,ENSG00000163681,True,True,True,True,True,True,True,True,True,False,False,False,False
ABHD6,ENSG00000163686,False,False,False,False,False,False,False,False,False,True,True,True,True
RBM47,ENSG00000163694,False,False,False,False,False,False,False,False,False,True,False,True,False
APBB2,ENSG00000163697,False,False,False,False,False,False,True,True,True,True,True,True,True
IL17RC,ENSG00000163702,False,False,False,False,False,False,True,True,True,True,False,True,False
CXCL3,ENSG00000163734,False,False,False,False,False,False,False,False,False,True,False,True,False
CPA3,ENSG00000163751,False,False,False,False,False,False,False,False,False,True,False,True,False
TOPBP1,ENSG00000163781,True,True,True,True,True,True,True,True,True,True,True,True,True
KIF15,ENSG00000163808,True,True,True,True,True,True,True,True,True,True,False,True,False
WDR43,ENSG00000163811,True,True,True,True,True,True,True,True,True,True,False,True,False
SLC6A20,ENSG00000163817,False,False,False,False,False,False,False,False,False,True,False,True,False
DTX3L,ENSG00000163840,False,False,False,False,False,False,True,True,True,False,False,False,False
YEATS2,ENSG00000163872,True,True,True,True,True,True,True,True,True,True,False,True,False
GRIK3,ENSG00000163873,False,False,False,False,False,False,False,False,False,True,False,True,False
ZC3H12A,ENSG00000163874,False,False,False,False,False,False,False,False,False,True,False,True,False
KLF15,ENSG00000163884,False,False,False,False,False,False,False,False,False,True,False,True,False
RPN1,ENSG00000163902,True,True,True,True,True,True,True,True,True,True,True,True,True
PRKCD,ENSG00000163932,False,False,False,False,False,False,False,False,False,True,True,True,True
GNL3,ENSG00000163938,True,True,True,True,True,True,True,True,True,True,False,True,False
LRPAP1,ENSG00000163956,True,True,True,True,True,True,True,True,True,True,True,True,True
ZNF691,ENSG00000164011,False,False,False,False,False,False,False,False,False,False,False,False,False
PGRMC2,ENSG00000164040,True,True,True,True,True,True,True,True,True,True,False,True,False
CDC25A,ENSG00000164045,True,True,True,True,True,True,True,True,True,True,True,True,True
CAMP,ENSG00000164047,False,False,False,False,False,False,False,False,False,True,False,True,False
ZNF589,ENSG00000164048,True,True,True,True,True,True,False,False,False,True,True,True,True
DUSP7,ENSG00000164086,True,True,True,False,False,False,False,False,False,True,False,True,False
OTUD4,ENSG00000164164,True,True,True,True,True,True,True,True,True,True,False,True,False
LSM6,ENSG00000164167,True,True,True,True,True,True,True,True,True,True,True,True,True
SLC25A46,ENSG00000164209,True,True,True,True,True,True,True,True,True,True,True,True,True
CASP3,ENSG00000164305,True,True,True,True,True,True,True,True,True,True,True,True,True
CMYA5,ENSG00000164309,False,False,False,False,False,False,False,False,False,False,False,False,False
TERT,ENSG00000164362,False,False,False,False,False,False,False,False,False,True,True,True,True
LEAP2,ENSG00000164406,False,False,False,False,False,False,False,False,False,False,False,False,False
SLC35A1,ENSG00000164414,True,True,True,True,True,True,False,False,False,True,True,True,True
TXLNB,ENSG00000164440,False,False,False,False,False,False,False,False,False,False,False,False,False
CREBRF,ENSG00000164463,True,True,True,True,True,True,True,True,True,False,False,False,False
RAET1E,ENSG00000164520,False,False,False,False,False,False,False,False,False,False,False,False,False
COG5,ENSG00000164597,True,True,True,True,True,True,True,True,True,True,False,True,False
KIF6,ENSG00000164627,False,False,False,False,False,False,False,False,False,False,False,False,False
TEX47,ENSG00000164645,False,False,False,False,False,False,False,False,False,False,False,False,False
GPER1,ENSG00000164850,False,False,False,False,False,False,False,False,False,True,True,True,True
NOS3,ENSG00000164867,False,False,False,False,False,False,False,False,False,True,True,True,True
SLC4A2,ENSG00000164889,True,True,True,True,True,True,True,True,True,True,False,True,False
GBX1,ENSG00000164900,False,False,False,False,False,False,False,False,False,True,False,True,False
ALDH7A1,ENSG00000164904,False,False,False,False,False,False,True,True,True,True,True,True,True
FZD6,ENSG00000164930,False,False,False,False,False,False,True,True,True,True,False,True,False
WASHC5,ENSG00000164961,True,True,True,True,True,True,True,True,True,True,True,True,True
RPP25L,ENSG00000164967,True,True,True,True,True,True,True,True,True,False,False,False,False
PSIP1,ENSG00000164985,True,True,True,True,True,True,True,True,True,True,True,True,True
SYK,ENSG00000165025,False,False,False,False,False,False,False,False,False,True,True,True,True
ABCA1,ENSG00000165029,False,False,False,False,False,False,True,True,True,True,False,True,False
NFIL3,ENSG00000165030,True,True,True,True,True,True,True,True,True,True,True,True,True
ZMAT4,ENSG00000165061,False,False,False,False,False,False,False,False,False,True,False,True,False
KIF27,ENSG00000165115,False,False,False,False,False,False,False,False,False,False,False,False,False
DYNLT3,ENSG00000165169,True,True,True,True,True,True,True,True,True,True,True,True,True
KIAA1958,ENSG00000165185,True,True,True,True,True,True,False,False,False,False,False,False,False
STOML2,ENSG00000165283,True,True,True,True,True,True,True,True,True,True,False,True,False
BRWD3,ENSG00000165288,True,True,True,True,True,True,True,True,True,False,False,False,False
MELK,ENSG00000165304,True,True,True,True,True,True,True,True,True,True,True,True,True
CLDN2,ENSG00000165376,False,False,False,False,False,False,False,False,False,False,False,False,False
WRN,ENSG00000165392,True,True,True,True,True,True,True,True,True,True,False,True,False
INPPL1,ENSG00000165458,True,True,True,True,True,True,True,True,True,True,False,True,False
CRYL1,ENSG00000165475,False,False,False,False,False,False,True,True,True,True,False,True,False
KLHDC2,ENSG00000165516,True,True,True,True,True,True,True,True,True,True,True,True,True
VSTM4,ENSG00000165633,False,False,False,False,False,False,False,False,False,True,False,True,False
HPRT1,ENSG00000165704,True,True,True,True,True,True,True,True,True,True,True,True,True
PIP4P1,ENSG00000165782,True,True,True,True,True,True,True,True,True,False,False,False,False
CASP7,ENSG00000165806,False,False,False,False,False,False,True,True,True,True,True,True,True
ZFYVE1,ENSG00000165861,False,False,False,False,False,False,True,True,True,False,False,False,False
PACSIN3,ENSG00000165912,True,True,True,True,True,True,True,True,True,True,True,True,True
HTRA1,ENSG00000166033,False,False,False,False,False,False,True,True,True,True,True,True,True
CEP57,ENSG00000166037,True,True,True,True,True,True,True,True,True,True,True,True,True
IL25,ENSG00000166090,False,False,False,False,False,False,False,False,False,True,False,True,False
TRMT61A,ENSG00000166166,True,True,True,True,True,True,True,True,True,True,False,True,False
NOLC1,ENSG00000166197,True,True,True,True,True,True,True,True,True,True,True,True,True
FRS2,ENSG00000166225,True,True,True,False,False,False,True,True,True,True,True,True,True
PCBD1,ENSG00000166228,True,True,True,True,True,True,True,True,True,True,True,True,True
ILK,ENSG00000166333,True,True,True,True,True,True,True,True,True,True,True,True,True
ATP9B,ENSG00000166377,False,False,False,False,False,False,False,False,False,True,False,True,False
CYB5R2,ENSG00000166394,False,False,False,False,False,False,False,False,False,True,False,True,False
KIAA0355,ENSG00000166398,True,True,True,True,True,True,True,True,True,True,True,True,True
TRIM66,ENSG00000166436,False,False,False,False,False,False,False,False,False,True,False,True,False
ATMIN,ENSG00000166454,True,True,True,True,True,True,True,True,True,True,True,True,True
C16orf46,ENSG00000166455,False,False,False,False,False,False,False,False,False,False,False,False,False
HDGFL3,ENSG00000166503,True,True,True,True,True,True,True,True,True,True,True,True,True
CFAP52,ENSG00000166596,False,False,False,False,False,False,False,False,False,False,False,False,False
BLCAP,ENSG00000166619,True,True,True,True,True,True,True,True,True,True,True,True,True
PLEKHA7,ENSG00000166689,False,False,False,False,False,False,False,False,False,False,False,False,False
CATSPER2,ENSG00000166762,False,False,False,False,False,False,False,False,False,False,False,False,False
PLIN1,ENSG00000166819,False,False,False,False,False,False,False,False,False,True,False,True,False
PEX11A,ENSG00000166821,False,False,False,False,False,False,False,False,False,True,True,True,True
TERF2IP,ENSG00000166848,True,True,True,True,True,True,True,True,True,True,True,True,True
PLK1,ENSG00000166851,True,True,True,True,True,True,True,True,True,True,True,True,True
CLPX,ENSG00000166855,True,True,True,True,True,True,True,True,True,True,True,True,True
SMAD3,ENSG00000166949,True,True,True,False,False,False,True,True,True,True,True,True,True
PRR15L,ENSG00000167183,False,False,False,False,False,False,False,False,False,True,True,True,True
CRK,ENSG00000167193,True,True,True,True,True,True,True,True,True,True,True,True,True
CA4,ENSG00000167434,False,False,False,False,False,False,False,False,False,True,False,True,False
GATAD2A,ENSG00000167491,True,True,True,True,True,True,True,True,True,True,False,True,False
DHRS13,ENSG00000167536,True,True,True,True,True,True,False,False,False,False,False,False,False
CORO6,ENSG00000167549,False,False,False,False,False,False,False,False,False,False,False,False,False
TUBA1C,ENSG00000167553,True,True,True,True,True,True,True,True,True,True,False,True,False
GPD1,ENSG00000167588,False,False,False,False,False,False,False,False,False,True,False,True,False
CYP2S1,ENSG00000167600,False,False,False,False,False,False,False,False,False,False,False,False,False
LENG8,ENSG00000167615,True,True,True,True,True,True,True,True,True,False,False,False,False
TRAPPC9,ENSG00000167632,True,True,True,True,True,True,False,False,False,True,False,True,False
DNAAF3,ENSG00000167646,True,True,True,True,True,True,False,False,False,False,False,False,False
TMIGD2,ENSG00000167664,False,False,False,False,False,False,False,False,False,False,False,False,False
TLCD3A,ENSG00000167695,False,False,False,False,False,False,True,True,True,True,True,True,True
GLOD4,ENSG00000167699,True,True,True,True,True,True,True,True,True,True,True,True,True
TSR1,ENSG00000167721,True,True,True,True,True,True,True,True,True,True,False,True,False
TRPV3,ENSG00000167723,False,False,False,False,False,False,False,False,False,False,False,False,False
ANGPTL4,ENSG00000167772,False,False,False,False,False,False,True,True,True,True,False,True,False
CD320,ENSG00000167775,True,True,True,True,True,True,True,True,True,True,True,True,True
HID1,ENSG00000167861,False,False,False,False,False,False,False,False,False,False,False,False,False
KCTD5,ENSG00000167977,True,True,True,True,True,True,True,True,True,True,True,True,True
TRANK1,ENSG00000168016,True,True,True,True,True,True,False,False,False,True,False,True,False
CTNNB1,ENSG00000168036,True,True,True,True,True,True,True,True,True,True,False,True,False
MAJIN,ENSG00000168070,False,False,False,False,False,False,False,False,False,False,False,False,False
PBK,ENSG00000168078,True,True,True,True,True,True,True,True,True,True,False,True,False
RAB4A,ENSG00000168118,True,True,True,True,True,True,True,True,True,True,True,True,True
MAPK1IP1L,ENSG00000168175,True,True,True,True,True,True,True,True,True,True,True,True,True
DDIT4,ENSG00000168209,True,True,True,True,True,True,True,True,True,True,True,True,True
NT5DC2,ENSG00000168268,True,True,True,True,True,True,True,True,True,True,True,True,True
KIF5C,ENSG00000168280,False,False,False,False,False,False,False,False,False,True,True,True,True
THAP11,ENSG00000168286,True,True,True,True,True,True,True,True,True,True,True,True,True
KCTD6,ENSG00000168301,False,False,False,False,False,False,True,True,True,False,False,False,False
XIRP1,ENSG00000168334,False,False,False,False,False,False,False,False,False,False,False,False,False
ARF4,ENSG00000168374,True,True,True,True,True,True,True,True,True,True,False,True,False
MLKL,ENSG00000168404,False,False,False,False,False,False,True,True,True,False,False,False,False
COG7,ENSG00000168434,True,True,True,True,True,True,True,True,True,True,True,True,True
RAB31,ENSG00000168461,True,True,True,True,True,True,True,True,True,True,True,True,True
GBX2,ENSG00000168505,False,False,False,False,False,False,False,False,False,True,False,True,False
TMEM223,ENSG00000168569,True,True,True,True,True,True,True,True,True,True,False,True,False
STAT3,ENSG00000168610,True,True,True,True,True,True,True,True,True,True,True,True,True
PKIG,ENSG00000168734,True,True,True,True,True,True,True,True,True,True,True,True,True
TET2,ENSG00000168769,True,True,True,True,True,True,True,True,True,False,False,False,False
TSPAN5,ENSG00000168785,False,False,False,False,False,False,True,True,True,True,False,True,False
MAT2A,ENSG00000168906,True,True,True,True,True,True,True,True,True,True,True,True,True
PPIC,ENSG00000168938,True,True,True,True,True,True,True,True,True,True,True,True,True
STXBP6,ENSG00000168952,True,True,True,True,True,True,False,False,False,True,False,True,False
ATF5,ENSG00000169136,True,True,True,True,True,True,True,True,True,True,True,True,True
NSMCE1,ENSG00000169189,True,True,True,True,True,True,True,True,True,False,False,False,False
RGS14,ENSG00000169220,True,True,True,True,True,True,False,False,False,True,False,True,False
TBC1D10B,ENSG00000169221,True,True,True,True,True,True,True,True,True,True,False,True,False
ADRB2,ENSG00000169252,False,False,False,False,False,False,True,True,True,True,True,True,True
STK32A,ENSG00000169302,False,False,False,False,False,False,False,False,False,False,False,False,False
ELSPBP1,ENSG00000169393,False,False,False,False,False,False,False,False,False,True,False,True,False
PTK2,ENSG00000169398,True,True,True,True,True,True,True,True,True,True,True,True,True
CLIC4,ENSG00000169504,True,True,True,True,True,True,True,True,True,True,True,True,True
DTWD2,ENSG00000169570,False,False,False,False,False,False,False,False,False,False,False,False,False
VPREB1,ENSG00000169575,False,False,False,False,False,False,False,False,False,True,False,True,False
INO80E,ENSG00000169592,True,True,True,True,True,True,True,True,True,False,False,False,False
DFFB,ENSG00000169598,True,True,True,True,True,True,False,False,False,True,True,True,True
DUS1L,ENSG00000169718,True,True,True,True,True,True,True,True,True,True,False,True,False
RFNG,ENSG00000169733,True,True,True,True,True,True,True,True,True,True,True,True,True
ROBO1,ENSG00000169855,False,False,False,False,False,False,True,True,True,True,False,True,False
NANP,ENSG00000170191,True,True,True,True,True,True,False,False,False,False,False,False,False
FAXDC2,ENSG00000170271,False,False,False,False,False,False,False,False,False,True,False,True,False
CRTAP,ENSG00000170275,True,True,True,True,True,True,True,True,True,True,True,True,True
STX8,ENSG00000170310,True,True,True,True,True,True,True,True,True,True,False,True,False
CDK1,ENSG00000170312,True,True,True,True,True,True,True,True,True,True,True,True,True
FOS,ENSG00000170345,False,False,False,False,False,False,False,False,False,True,True,True,True
TMED10,ENSG00000170348,True,True,True,True,True,True,True,True,True,True,True,True,True
SEMA3E,ENSG00000170381,False,False,False,False,False,False,False,False,False,True,False,True,False
NUDT9,ENSG00000170502,True,True,True,True,True,True,True,True,True,True,True,True,True
ELOVL6,ENSG00000170522,True,True,True,True,True,True,True,True,True,True,True,True,True
HSPA4,ENSG00000170606,True,True,True,True,True,True,True,True,True,True,True,True,True
HOXB9,ENSG00000170689,True,True,True,True,True,True,False,False,False,True,False,True,False
CDCA4,ENSG00000170779,True,True,True,True,True,True,True,True,True,True,True,True,True
LMOD2,ENSG00000170807,False,False,False,False,False,False,False,False,False,False,False,False,False
TRIAP1,ENSG00000170855,True,True,True,True,True,True,True,True,True,True,False,True,False
KIAA0232,ENSG00000170871,True,True,True,True,True,True,True,True,True,True,False,True,False
OR7G2,ENSG00000170923,False,False,False,False,False,False,False,False,False,False,False,False,False
FEZ2,ENSG00000171055,True,True,True,True,True,True,True,True,True,True,True,True,True
RLN3,ENSG00000171136,False,False,False,False,False,False,False,False,False,False,False,False,False
RBKS,ENSG00000171174,False,False,False,False,False,False,False,False,False,True,True,True,True
GRIK1,ENSG00000171189,False,False,False,False,False,False,False,False,False,True,False,True,False
SMR3B,ENSG00000171201,False,False,False,False,False,False,False,False,False,True,False,True,False
CSN3,ENSG00000171209,False,False,False,False,False,False,False,False,False,True,False,True,False
SCAND1,ENSG00000171222,True,True,True,True,True,True,True,True,True,True,True,True,True
SHCBP1,ENSG00000171241,True,True,True,True,True,True,True,True,True,True,False,True,False
GAA,ENSG00000171298,True,True,True,True,True,True,False,False,False,True,True,True,True
CANT1,ENSG00000171302,True,True,True,True,True,True,True,True,True,True,True,True,True
PGAM1,ENSG00000171314,True,True,True,True,True,True,True,True,True,True,True,True,True
POLR1C,ENSG00000171453,True,True,True,True,True,True,True,True,True,True,True,True,True
ZNF318,ENSG00000171467,True,True,True,True,True,True,True,True,True,True,True,True,True
WIPF2,ENSG00000171475,True,True,True,True,True,True,True,True,True,True,True,True,True
NLRP5,ENSG00000171487,False,False,False,False,False,False,False,False,False,False,False,False,False
CLSTN1,ENSG00000171603,True,True,True,True,True,True,True,True,True,True,True,True,True
ZNF274,ENSG00000171606,True,True,True,True,True,True,True,True,True,True,True,True,True
ZIK1,ENSG00000171649,False,False,False,False,False,False,False,False,False,False,False,False,False
TCEA2,ENSG00000171703,True,True,True,True,True,True,True,True,True,True,True,True,True
GATM,ENSG00000171766,False,False,False,False,False,False,False,False,False,True,False,True,False
NXNL1,ENSG00000171773,False,False,False,False,False,False,False,False,False,False,False,False,False
BCL2,ENSG00000171791,False,False,False,False,False,False,False,False,False,True,True,True,True
METTL18,ENSG00000171806,True,True,True,True,True,True,False,False,False,True,False,True,False
FAM90A1,ENSG00000171847,False,False,False,False,False,False,False,False,False,True,False,True,False
KLF17,ENSG00000171872,False,False,False,False,False,False,False,False,False,False,False,False,False
ATPAF2,ENSG00000171953,True,True,True,True,True,True,True,True,True,True,False,True,False
MAL,ENSG00000172005,False,False,False,False,False,False,False,False,False,True,False,True,False
RAB33B,ENSG00000172007,False,False,False,False,False,False,False,False,False,True,False,True,False
NME6,ENSG00000172113,True,True,True,True,True,True,True,True,True,True,False,True,False
CYCS,ENSG00000172115,True,True,True,True,True,True,True,True,True,True,True,True,True
SNTB1,ENSG00000172164,False,False,False,False,False,False,False,False,False,True,False,True,False
MALT1,ENSG00000172175,False,False,False,False,False,False,True,True,True,True,True,True,True
ZNF131,ENSG00000172262,True,True,True,True,True,True,True,True,True,True,True,True,True
OR5A2,ENSG00000172324,False,False,False,False,False,False,False,False,False,False,False,False,False
C2CD2L,ENSG00000172375,True,True,True,False,False,False,False,False,False,True,True,True,True
ARNT2,ENSG00000172379,False,False,False,False,False,False,False,False,False,True,True,True,True
RSPH9,ENSG00000172426,False,False,False,False,False,False,False,False,False,False,False,False,False
OR9G4,ENSG00000172457,False,False,False,False,False,False,False,False,False,False,False,False,False
RAD9A,ENSG00000172613,True,True,True,True,True,True,False,False,False,True,True,True,True
NAA16,ENSG00000172766,True,True,True,True,True,True,True,True,True,True,False,True,False
OR10W1,ENSG00000172772,False,False,False,False,False,False,False,False,False,False,False,False,False
KRT2,ENSG00000172867,False,False,False,False,False,False,False,False,False,True,False,True,False
OXSR1,ENSG00000172939,True,True,True,True,True,True,True,True,True,True,True,True,True
RXFP4,ENSG00000173080,False,False,False,False,False,False,False,False,False,False,False,False,False
PARP15,ENSG00000173200,False,False,False,False,False,False,False,False,False,False,False,False,False
TUBB8P12,ENSG00000173213,False,False,False,False,False,False,False,False,False,False,False,False,False
GLRX,ENSG00000173221,True,True,True,True,True,True,True,True,True,True,True,True,True
SYT12,ENSG00000173227,False,False,False,False,False,False,False,False,False,True,False,True,False
DMRT2,ENSG00000173253,False,False,False,False,False,False,False,False,False,False,False,False,False
TRIB1,ENSG00000173334,False,False,False,False,False,False,False,False,False,True,True,True,True
DAG1,ENSG00000173402,True,True,True,True,True,True,True,True,True,True,True,True,True
DAB1,ENSG00000173406,False,False,False,False,False,False,False,False,False,True,False,True,False
ZNRD2,ENSG00000173465,True,True,True,True,True,True,True,True,True,True,False,True,False
SMARCC1,ENSG00000173473,True,True,True,True,True,True,True,True,True,True,True,True,True
NABP1,ENSG00000173559,True,True,True,True,True,True,True,True,True,True,False,True,False
SCAI,ENSG00000173611,True,True,True,True,True,True,False,False,False,True,False,True,False
C11orf80,ENSG00000173715,False,False,False,False,False,False,False,False,False,True,False,True,False
STAT5B,ENSG00000173757,True,True,True,True,True,True,False,False,False,True,True,True,True
NET1,ENSG00000173848,True,True,True,True,True,True,True,True,True,True,True,True,True
PHC3,ENSG00000173889,True,True,True,True,True,True,True,True,True,True,False,True,False
GOLIM4,ENSG00000173905,True,True,True,True,True,True,True,True,True,True,False,True,False
TLR10,ENSG00000174123,False,False,False,False,False,False,False,False,False,False,False,False,False
FAM53A,ENSG00000174137,False,False,False,False,False,False,False,False,False,False,False,False,False
DDX23,ENSG00000174243,True,True,True,True,True,True,True,True,True,True,False,True,False
GOLGA6L2,ENSG00000174450,False,False,False,False,False,False,False,False,False,False,False,False,False
IGDCC3,ENSG00000174498,False,False,False,False,False,False,False,False,False,False,False,False,False
AKIRIN1,ENSG00000174574,True,True,True,True,True,True,True,True,True,True,False,True,False
BRSK2,ENSG00000174672,False,False,False,False,False,False,False,False,False,True,False,True,False
B4GAT1,ENSG00000174684,True,True,True,True,True,True,True,True,True,True,True,True,True
GLMN,ENSG00000174842,True,True,True,True,True,True,True,True,True,True,False,True,False
KCTD13,ENSG00000174943,True,True,True,True,True,True,True,True,True,True,False,True,False
FUT1,ENSG00000174951,False,False,False,False,False,False,False,False,False,True,True,True,True
ZIC4,ENSG00000174963,False,False,False,False,False,False,False,False,False,True,False,True,False
SLC22A1,ENSG00000175003,False,False,False,False,False,False,False,False,False,True,False,True,False
CHST2,ENSG00000175040,True,True,True,True,True,True,False,False,False,True,False,True,False
UBE2C,ENSG00000175063,False,False,False,False,False,False,True,True,True,True,True,True,True
VCPIP1,ENSG00000175073,True,True,True,True,True,True,True,True,True,True,False,True,False
SPSB4,ENSG00000175093,False,False,False,False,False,False,False,False,False,False,False,False,False
PSMD2,ENSG00000175166,True,True,True,True,True,True,True,True,True,True,True,True,True
FAM131A,ENSG00000175182,False,False,False,False,False,False,False,False,False,True,False,True,False
PCCA,ENSG00000175198,True,True,True,True,True,True,True,True,True,True,False,True,False
ARHGAP1,ENSG00000175220,True,True,True,True,True,True,True,True,True,True,True,True,True
CCNE2,ENSG00000175305,True,True,True,False,False,False,True,True,True,True,True,True,True
ZNF25,ENSG00000175395,False,False,False,False,False,False,False,False,False,False,False,False,False
CLTB,ENSG00000175416,True,True,True,True,True,True,True,True,True,True,True,True,True
TBC1D10C,ENSG00000175463,False,False,False,False,False,False,False,False,False,False,False,False,False
POLD4,ENSG00000175482,True,True,True,True,True,True,True,True,True,True,True,True,True
DRAP1,ENSG00000175550,True,True,True,True,True,True,True,True,True,True,True,True,True
FOSL1,ENSG00000175592,False,False,False,False,False,False,True,True,True,True,True,True,True
CCDC85B,ENSG00000175602,True,True,True,True,True,True,True,True,True,True,True,True,True
RUVBL1,ENSG00000175792,True,True,True,True,True,True,True,True,True,True,True,True,True
SFN,ENSG00000175793,False,False,False,False,False,False,False,False,False,True,True,True,True
MSRA,ENSG00000175806,False,False,False,False,False,False,True,True,True,True,True,True,True
SWI5,ENSG00000175854,True,True,True,True,True,True,True,True,True,False,False,False,False
PLEKHD1,ENSG00000175985,False,False,False,False,False,False,False,False,False,False,False,False,False
TUBB6,ENSG00000176014,True,True,True,True,True,True,True,True,True,True,True,True,True
CHMP6,ENSG00000176108,True,True,True,True,True,True,True,True,True,True,True,True,True
OR11H4,ENSG00000176198,False,False,False,False,False,False,False,False,False,False,False,False,False
ZNF404,ENSG00000176222,False,False,False,False,False,False,False,False,False,False,False,False,False
ZNF575,ENSG00000176472,False,False,False,False,False,False,False,False,False,False,False,False,False
CCDC121,ENSG00000176714,False,False,False,False,False,False,False,False,False,True,False,True,False
CDK5R1,ENSG00000176749,False,False,False,False,False,False,False,False,False,True,True,True,True
OR52E2,ENSG00000176787,False,False,False,False,False,False,False,False,False,False,False,False,False
OR51G2,ENSG00000176893,False,False,False,False,False,False,False,False,False,False,False,False,False
PXMP2,ENSG00000176894,True,True,True,True,True,True,True,True,True,True,True,True,True
TCIM,ENSG00000176907,False,False,False,False,False,False,False,False,False,True,False,True,False
FIBIN,ENSG00000176971,False,False,False,False,False,False,False,False,False,False,False,False,False
SEC24C,ENSG00000176986,True,True,True,True,True,True,True,True,True,True,False,True,False
CLVS1,ENSG00000177182,False,False,False,False,False,False,False,False,False,False,False,False,False
TIMM22,ENSG00000177370,True,True,True,True,True,True,True,True,True,True,True,True,True
ZBTB33,ENSG00000177485,True,True,True,True,True,True,False,False,False,True,False,True,False
OR2G2,ENSG00000177489,False,False,False,False,False,False,False,False,False,False,False,False,False
ZBED2,ENSG00000177494,False,False,False,False,False,False,False,False,False,True,False,True,False
FAM187B,ENSG00000177558,False,False,False,False,False,False,False,False,False,False,False,False,False
JUN,ENSG00000177606,True,True,True,True,True,True,True,True,True,True,True,True,True
IL17RA,ENSG00000177663,True,True,True,True,True,True,True,True,True,True,False,True,False
DNAJC28,ENSG00000177692,False,False,False,False,False,False,False,False,False,True,False,True,False
SLC35G5,ENSG00000177710,False,False,False,False,False,False,False,False,False,False,False,False,False
ZNF619,ENSG00000177873,False,False,False,False,False,False,False,False,False,False,False,False,False
CCDC184,ENSG00000177875,False,False,False,False,False,False,False,False,False,False,False,False,False
ALS2CL,ENSG00000178038,False,False,False,False,False,False,False,False,False,True,False,True,False
MLF1,ENSG00000178053,True,True,True,True,True,True,True,True,True,True,False,True,False
STAP2,ENSG00000178078,False,False,False,False,False,False,False,False,False,True,True,True,True
DDX10,ENSG00000178105,True,True,True,True,True,True,True,True,True,True,True,True,True
LCORL,ENSG00000178177,True,True,True,True,True,True,True,True,True,False,False,False,False
GALNT11,ENSG00000178234,True,True,True,True,True,True,True,True,True,True,False,True,False
NEUROG2,ENSG00000178403,False,False,False,False,False,False,False,False,False,True,False,True,False
P4HTM,ENSG00000178467,False,False,False,False,False,False,True,True,True,True,True,True,True
UCN3,ENSG00000178473,False,False,False,False,False,False,False,False,False,False,False,False,False
SUZ12,ENSG00000178691,True,True,True,True,True,True,True,True,True,True,True,True,True
GP5,ENSG00000178732,False,False,False,False,False,False,False,False,False,True,False,True,False
EXOSC4,ENSG00000178896,True,True,True,True,True,True,True,True,True,True,True,True,True
CYBC1,ENSG00000178927,True,True,True,True,True,True,True,True,True,True,False,True,False
AURKB,ENSG00000178999,True,True,True,True,True,True,True,True,True,True,True,True,True
RRS1,ENSG00000179041,True,True,True,True,True,True,True,True,True,True,True,True,True
CYP11B2,ENSG00000179142,False,False,False,False,False,False,False,False,False,True,False,True,False
GATA2,ENSG00000179348,True,True,True,True,True,True,False,False,False,True,True,True,True
MROH1,ENSG00000179832,False,False,False,False,False,False,True,True,True,False,False,False,False
SERTAD2,ENSG00000179833,True,True,True,True,True,True,True,True,True,True,False,True,False
NKPD1,ENSG00000179846,False,False,False,False,False,False,False,False,False,False,False,False,False
ZNF648,ENSG00000179930,False,False,False,False,False,False,False,False,False,False,False,False,False
CCR8,ENSG00000179934,False,False,False,False,False,False,False,False,False,True,False,True,False
PUF60,ENSG00000179950,True,True,True,True,True,True,True,True,True,True,True,True,True
SOCS4,ENSG00000180008,True,True,True,True,True,True,True,True,True,False,False,False,False
C3orf80,ENSG00000180044,False,False,False,False,False,False,False,False,False,False,False,False,False
WFDC11,ENSG00000180083,False,False,False,False,False,False,False,False,False,False,False,False,False
MEIOC,ENSG00000180336,False,False,False,False,False,False,False,False,False,False,False,False,False
C11orf71,ENSG00000180425,True,True,True,True,True,True,False,False,False,True,False,True,False
NRIP1,ENSG00000180530,True,True,True,True,True,True,True,True,True,True,True,True,True
FUT7,ENSG00000180549,False,False,False,False,False,False,False,False,False,True,False,True,False
YOD1,ENSG00000180667,True,True,True,True,True,True,False,False,False,True,False,True,False
GPR157,ENSG00000180758,False,False,False,False,False,False,False,False,False,True,False,True,False
MAP6D1,ENSG00000180834,False,False,False,False,False,False,False,False,False,True,False,True,False
GPR62,ENSG00000180929,False,False,False,False,False,False,False,False,False,False,False,False,False
ADIPOQ,ENSG00000181092,False,False,False,False,False,False,False,False,False,True,False,True,False
SLC25A41,ENSG00000181240,False,False,False,False,False,False,False,False,False,False,False,False,False
DDN,ENSG00000181418,False,False,False,False,False,False,False,False,False,True,False,True,False
SOX2,ENSG00000181449,False,False,False,False,False,False,False,False,False,True,True,True,True
TMEM45A,ENSG00000181458,False,False,False,False,False,False,True,True,True,True,False,True,False
EDDM3A,ENSG00000181562,False,False,False,False,False,False,False,False,False,True,False,True,False
COPG1,ENSG00000181789,True,True,True,True,True,True,True,True,True,True,False,True,False
ADO,ENSG00000181915,True,True,True,True,True,True,True,True,True,True,True,True,True
CCDC149,ENSG00000181982,False,False,False,False,False,False,True,True,True,False,False,False,False
GET1,ENSG00000182093,True,True,True,True,True,True,True,True,True,True,True,True,True
FAM181B,ENSG00000182103,False,False,False,False,False,False,False,False,False,False,False,False,False
ZNF716,ENSG00000182111,False,False,False,False,False,False,False,False,False,False,False,False,False
ASB18,ENSG00000182177,False,False,False,False,False,False,False,False,False,False,False,False,False
EXT1,ENSG00000182197,False,False,False,False,False,False,True,True,True,True,True,True,True
SHMT2,ENSG00000182199,True,True,True,True,True,True,True,True,True,True,False,True,False
BACE2,ENSG00000182240,False,False,False,False,False,False,True,True,True,True,True,True,True
C1S,ENSG00000182326,False,False,False,False,False,False,False,False,False,True,False,True,False
TRAPPC6B,ENSG00000182400,True,True,True,True,True,True,True,True,True,False,False,False,False
BGN,ENSG00000182492,False,False,False,False,False,False,False,False,False,True,False,True,False
MFSD5,ENSG00000182544,True,True,True,True,True,True,True,True,True,True,False,True,False
ADI1,ENSG00000182551,True,True,True,True,True,True,True,True,True,True,True,True,True
SATB1,ENSG00000182568,False,False,False,False,False,False,False,False,False,True,True,True,True
TSKU,ENSG00000182704,False,False,False,False,False,False,True,True,True,True,True,True,True
NGRN,ENSG00000182768,True,True,True,True,True,True,True,True,True,True,True,True,True
ACBD3,ENSG00000182827,True,True,True,True,True,True,True,True,True,True,True,True,True
C16orf72,ENSG00000182831,True,True,True,True,True,True,True,True,True,False,False,False,False
RGS7,ENSG00000182901,False,False,False,False,False,False,False,False,False,True,False,True,False
HMGN4,ENSG00000182952,True,True,True,True,True,True,True,True,True,True,False,True,False
MTA1,ENSG00000182979,True,True,True,True,True,True,True,True,True,True,True,True,True
PYCR1,ENSG00000183010,True,True,True,True,True,True,True,True,True,True,True,True,True
NAA38,ENSG00000183011,True,True,True,True,True,True,True,True,True,False,False,False,False
PTGDR2,ENSG00000183134,False,False,False,False,False,False,False,False,False,True,False,True,False
GJD3,ENSG00000183153,False,False,False,False,False,False,False,False,False,False,False,False,False
TFDP3,ENSG00000183434,False,False,False,False,False,False,False,False,False,True,False,True,False
MX2,ENSG00000183486,False,False,False,False,False,False,False,False,False,True,False,True,False
PSMG1,ENSG00000183527,True,True,True,True,True,True,True,True,True,True,True,True,True
TNFAIP8L3,ENSG00000183578,False,False,False,False,False,False,False,False,False,False,False,False,False
ZNF530,ENSG00000183647,False,False,False,False,False,False,False,False,False,False,False,False,False
TMEM50A,ENSG00000183726,True,True,True,True,True,True,True,True,True,True,True,True,True
ACP7,ENSG00000183760,False,False,False,False,False,False,False,False,False,False,False,False,False
CHEK2,ENSG00000183765,True,True,True,True,True,True,False,False,False,True,True,True,True
AIFM3,ENSG00000183773,False,False,False,False,False,False,False,False,False,False,False,False,False
PNMA3,ENSG00000183837,False,False,False,False,False,False,False,False,False,True,False,True,False
ZNF730,ENSG00000183850,False,False,False,False,False,False,False,False,False,False,False,False,False
PRKX,ENSG00000183943,True,True,True,True,True,True,True,True,True,True,True,True,True
UQCR10,ENSG00000184076,True,True,True,True,True,True,True,True,True,True,False,True,False
NIPSNAP1,ENSG00000184117,True,True,True,True,True,True,True,True,True,True,True,True,True
KCNQ3,ENSG00000184156,False,False,False,False,False,False,False,False,False,True,False,True,False
CRELD2,ENSG00000184164,True,True,True,True,True,True,True,True,True,True,True,True,True
DEFB108B,ENSG00000184276,False,False,False,False,False,False,False,False,False,False,False,False,False
COPB2,ENSG00000184432,True,True,True,True,True,True,True,True,True,True,True,True,True
C1QTNF8,ENSG00000184471,False,False,False,False,False,False,False,False,False,False,False,False,False
FOXO4,ENSG00000184481,False,False,False,False,False,False,False,False,False,True,True,True,True
PROS1,ENSG00000184500,True,True,True,True,True,True,True,True,True,True,True,True,True
MED12,ENSG00000184634,True,True,True,True,True,True,False,False,False,True,False,True,False
HIST2H2BE,ENSG00000184678,False,False,False,False,False,False,False,False,False,True,True,True,True
CLDN6,ENSG00000184697,True,True,True,True,True,True,False,False,False,True,False,True,False
PRR16,ENSG00000184838,False,False,False,False,False,False,True,True,True,True,False,True,False
TMEM186,ENSG00000184857,True,True,True,True,True,True,True,True,True,True,False,True,False
BTBD6,ENSG00000184887,False,False,False,False,False,False,True,True,True,False,False,False,False
LCN12,ENSG00000184925,False,False,False,False,False,False,False,False,False,False,False,False,False
CHRM5,ENSG00000184984,False,False,False,False,False,False,False,False,False,True,False,True,False
DGAT1,ENSG00000185000,True,True,True,True,True,True,True,True,True,True,False,True,False
MIXL1,ENSG00000185155,False,False,False,False,False,False,False,False,False,False,False,False,False
MC2R,ENSG00000185231,False,False,False,False,False,False,False,False,False,True,False,True,False
PRPF39,ENSG00000185246,True,True,True,True,True,True,True,True,True,True,False,True,False
C12orf56,ENSG00000185306,False,False,False,False,False,False,False,False,False,False,False,False,False
ATP6V0A2,ENSG00000185344,True,True,True,True,True,True,True,True,True,True,False,True,False
HGS,ENSG00000185359,True,True,True,True,True,True,True,True,True,True,False,True,False
MUC1,ENSG00000185499,False,False,False,False,False,False,False,False,False,True,True,True,True
IRF7,ENSG00000185507,False,False,False,False,False,False,False,False,False,True,False,True,False
PDIA2,ENSG00000185615,False,False,False,False,False,False,False,False,False,True,False,True,False
NDUFA4L2,ENSG00000185633,False,False,False,False,False,False,False,False,False,True,False,True,False
NTF3,ENSG00000185652,False,False,False,False,False,False,False,False,False,True,False,True,False
SNAI3,ENSG00000185669,False,False,False,False,False,False,False,False,False,False,False,False,False
SPATA31A6,ENSG00000185775,False,False,False,False,False,False,False,False,False,False,False,False,False
MORF4L1,ENSG00000185787,True,True,True,True,True,True,True,True,True,True,False,True,False
SLC52A2,ENSG00000185803,True,True,True,True,True,True,True,True,True,True,False,True,False
IKZF1,ENSG00000185811,True,True,True,True,True,True,False,False,False,True,True,True,True
PRSS38,ENSG00000185888,False,False,False,False,False,False,False,False,False,False,False,False,False
LCE3E,ENSG00000185966,False,False,False,False,False,False,False,False,False,False,False,False,False
PLK5,ENSG00000185988,False,False,False,False,False,False,False,False,False,False,False,False,False
TAL2,ENSG00000186051,False,False,False,False,False,False,False,False,False,False,False,False,False
LRRC70,ENSG00000186105,False,False,False,False,False,False,False,False,False,False,False,False,False
GPAT2,ENSG00000186281,False,False,False,False,False,False,False,False,False,False,False,False,False
TMEM212,ENSG00000186329,False,False,False,False,False,False,False,False,False,True,False,True,False
KRT3,ENSG00000186442,False,False,False,False,False,False,False,False,False,True,False,True,False
DEFB132,ENSG00000186458,False,False,False,False,False,False,False,False,False,False,False,False,False
INSIG1,ENSG00000186480,True,True,True,True,True,True,True,True,True,True,True,True,True
ZNF396,ENSG00000186496,False,False,False,False,False,False,False,False,False,False,False,False,False
GPATCH8,ENSG00000186566,True,True,True,True,True,True,True,True,True,True,True,True,True
LYRM7,ENSG00000186687,True,True,True,True,True,True,True,True,True,False,False,False,False
CXCR3,ENSG00000186810,False,False,False,False,False,False,False,False,False,True,False,True,False
SERPINA11,ENSG00000186910,False,False,False,False,False,False,False,False,False,False,False,False,False
ZNF395,ENSG00000186918,False,False,False,False,False,False,True,True,True,True,True,True,True
EMID1,ENSG00000186998,False,False,False,False,False,False,False,False,False,True,False,True,False
LILRA5,ENSG00000187116,False,False,False,False,False,False,False,False,False,True,False,True,False
RNF220,ENSG00000187147,True,True,True,True,True,True,True,True,True,True,False,True,False
LHFPL3,ENSG00000187416,False,False,False,False,False,False,False,False,False,False,False,False,False
CHP1,ENSG00000187446,True,True,True,True,True,True,True,True,True,True,True,True,True
COL4A1,ENSG00000187498,False,False,False,False,False,False,True,True,True,True,True,True,True
SBK2,ENSG00000187550,False,False,False,False,False,False,False,False,False,False,False,False,False
USP7,ENSG00000187555,True,True,True,True,True,True,True,True,True,True,True,True,True
SAMD11,ENSG00000187634,False,False,False,False,False,False,False,False,False,False,False,False,False
ERAS,ENSG00000187682,False,False,False,False,False,False,False,False,False,False,False,False,False
C9orf153,ENSG00000187753,False,False,False,False,False,False,False,False,False,False,False,False,False
KRTAP10-8,ENSG00000187766,False,False,False,False,False,False,False,False,False,False,False,False,False
DNAH17,ENSG00000187775,False,False,False,False,False,False,False,False,False,True,False,True,False
PLSCR3,ENSG00000187838,False,False,False,False,False,False,True,True,True,True,True,True,True
EIF4EBP1,ENSG00000187840,True,True,True,True,True,True,True,True,True,True,True,True,True
UBQLN2,ENSG00000188021,True,True,True,True,True,True,True,True,True,True,True,True,True
ZNF490,ENSG00000188033,False,False,False,False,False,False,False,False,False,False,False,False,False
ARL4C,ENSG00000188042,False,False,False,False,False,False,True,True,True,True,True,True,True
PLSCR1,ENSG00000188313,True,True,True,True,True,True,True,True,True,True,True,True,True
C10orf99,ENSG00000188373,False,False,False,False,False,False,False,False,False,False,False,False,False
PPP3R2,ENSG00000188386,False,False,False,False,False,False,False,False,False,False,False,False,False
PAQR9,ENSG00000188582,False,False,False,False,False,False,False,False,False,False,False,False,False
ZNF177,ENSG00000188629,False,False,False,False,False,False,False,False,False,True,False,True,False
IDO2,ENSG00000188676,False,False,False,False,False,False,False,False,False,False,False,False,False
RBM34,ENSG00000188739,False,False,False,False,False,False,False,False,False,True,True,True,True
CATSPER4,ENSG00000188782,False,False,False,False,False,False,False,False,False,False,False,False,False
FBF1,ENSG00000188878,False,False,False,False,False,False,False,False,False,False,False,False,False
INSYN2A,ENSG00000188916,False,False,False,False,False,False,False,False,False,False,False,False,False
MSANTD1,ENSG00000188981,False,False,False,False,False,False,False,False,False,False,False,False,False
ZNF292,ENSG00000188994,True,True,True,True,True,True,True,True,True,True,False,True,False
ZNF527,ENSG00000189164,False,False,False,False,False,False,False,False,False,False,False,False,False
S100A13,ENSG00000189171,True,True,True,True,True,True,True,True,True,True,True,True,True
RRP7A,ENSG00000189306,True,True,True,True,True,True,True,True,True,True,False,True,False
ZNF724,ENSG00000196081,True,True,True,True,True,True,False,False,False,False,False,False,False
TDRD7,ENSG00000196116,False,False,False,False,False,False,False,False,False,True,False,True,False
S100A4,ENSG00000196154,True,True,True,True,True,True,False,False,False,True,True,True,True
FUT4,ENSG00000196371,True,True,True,False,False,False,False,False,False,False,False,False,False
ZNF34,ENSG00000196378,False,False,False,False,False,False,False,False,False,True,False,True,False
PTPN1,ENSG00000196396,True,True,True,True,True,True,True,True,True,True,True,True,True
EVL,ENSG00000196405,True,True,True,True,True,True,True,True,True,True,True,True,True
ZNF124,ENSG00000196418,True,True,True,True,True,True,False,False,False,True,False,True,False
PIK3R4,ENSG00000196455,True,True,True,True,True,True,True,True,True,True,True,True,True
MME,ENSG00000196549,False,False,False,False,False,False,True,True,True,True,False,True,False
LAMA2,ENSG00000196569,False,False,False,False,False,False,False,False,False,True,False,True,False
OR5AC2,ENSG00000196578,False,False,False,False,False,False,False,False,False,False,False,False,False
HDAC2,ENSG00000196591,True,True,True,True,True,True,True,True,True,True,True,True,True
MMP1,ENSG00000196611,False,False,False,False,False,False,False,False,False,True,True,True,True
ADH1B,ENSG00000196616,False,False,False,False,False,False,False,False,False,True,False,True,False
RABL6,ENSG00000196642,True,True,True,True,True,True,True,True,True,True,False,True,False
ZNF418,ENSG00000196724,False,False,False,False,False,False,False,False,False,False,False,False,False
POU3F4,ENSG00000196767,False,False,False,False,False,False,False,False,False,True,False,True,False
TLE1,ENSG00000196781,False,False,False,False,False,False,True,True,True,True,True,True,True
OR11G2,ENSG00000196832,False,False,False,False,False,False,False,False,False,False,False,False,False
NHLRC2,ENSG00000196865,True,True,True,True,True,True,True,True,True,True,False,True,False
ARHGEF12,ENSG00000196914,True,True,True,True,True,True,True,True,True,True,True,True,True
LAGE3,ENSG00000196976,True,True,True,True,True,True,True,True,True,True,True,True,True
ZNF441,ENSG00000197044,False,False,False,False,False,False,False,False,False,False,False,False,False
SIGLEC15,ENSG00000197046,False,False,False,False,False,False,False,False,False,True,False,True,False
IGF2R,ENSG00000197081,True,True,True,True,True,True,True,True,True,True,True,True,True
SRC,ENSG00000197122,False,False,False,False,False,False,False,False,False,True,True,True,True
ENTPD4,ENSG00000197217,True,True,True,True,True,True,True,True,True,True,False,True,False
TBC1D9B,ENSG00000197226,True,True,True,True,True,True,True,True,True,True,True,True,True
HIST1H4J,ENSG00000197238,False,False,False,False,False,False,False,False,False,False,False,False,False
GTF2E2,ENSG00000197265,True,True,True,True,True,True,True,True,True,True,True,True,True
ZNF165,ENSG00000197279,False,False,False,False,False,False,False,False,False,True,False,True,False
LRP10,ENSG00000197324,True,True,True,True,True,True,True,True,True,True,True,True,True
PDGFA,ENSG00000197461,False,False,False,False,False,False,False,False,False,True,True,True,True
GALP,ENSG00000197487,False,False,False,False,False,False,False,False,False,False,False,False,False
CXorf40A,ENSG00000197620,False,False,False,False,False,False,False,False,False,True,False,True,False
SPTAN1,ENSG00000197694,True,True,True,True,True,True,True,True,True,True,True,True,True
PSAP,ENSG00000197746,True,True,True,True,True,True,True,True,True,True,False,True,False
FAM118B,ENSG00000197798,True,True,True,True,True,True,True,True,True,False,False,False,False
ZNF181,ENSG00000197841,True,True,True,False,False,False,False,False,False,False,False,False,False
ADH5,ENSG00000197894,True,True,True,True,True,True,True,True,True,True,True,True,True
TEAD4,ENSG00000197905,True,True,True,True,True,True,True,True,True,True,False,True,False
ERO1A,ENSG00000197930,True,True,True,True,True,True,True,True,True,True,True,True,True
AADACL2,ENSG00000197953,False,False,False,False,False,False,False,False,False,False,False,False,False
S100A6,ENSG00000197956,False,False,False,False,False,False,True,True,True,True,False,True,False
MPZL1,ENSG00000197965,True,True,True,True,True,True,True,True,True,True,True,True,True
DLGAP2,ENSG00000198010,False,False,False,False,False,False,False,False,False,True,False,True,False
AVPR1B,ENSG00000198049,False,False,False,False,False,False,False,False,False,True,False,True,False
AKR1B10,ENSG00000198074,False,False,False,False,False,False,False,False,False,True,False,True,False
TFDP1,ENSG00000198176,True,True,True,True,True,True,True,True,True,True,True,True,True
HSD17B11,ENSG00000198189,True,True,True,True,True,True,True,True,True,True,True,True,True
DDX42,ENSG00000198231,True,True,True,True,True,True,True,True,True,True,True,True,True
SPRED2,ENSG00000198369,True,True,True,True,True,True,True,True,True,True,True,True,True
GFPT1,ENSG00000198380,True,True,True,True,True,True,True,True,True,True,True,True,True
UVRAG,ENSG00000198382,True,True,True,True,True,True,True,True,True,True,False,True,False
TXNRD1,ENSG00000198431,True,True,True,True,True,True,True,True,True,True,True,True,True
ANKRD35,ENSG00000198483,False,False,False,False,False,False,False,False,False,False,False,False,False
ZNF28,ENSG00000198538,True,True,True,True,True,True,False,False,False,False,False,False,False
KCNRG,ENSG00000198553,False,False,False,False,False,False,False,False,False,False,False,False,False
CTNND1,ENSG00000198561,True,True,True,True,True,True,True,True,True,True,True,True,True
RYR2,ENSG00000198626,False,False,False,False,False,False,False,False,False,True,False,True,False
KLHL9,ENSG00000198642,False,False,False,False,False,False,True,True,True,True,True,True,True
MT-ND6,ENSG00000198695,True,True,True,True,True,True,True,True,True,False,False,False,False
F5,ENSG00000198734,False,False,False,False,False,False,False,False,False,True,False,True,False
PNP,ENSG00000198805,True,True,True,True,True,True,True,True,True,True,True,True,True
FOXJ3,ENSG00000198815,True,True,True,True,True,True,True,True,True,True,True,True,True
CHAMP1,ENSG00000198824,True,True,True,True,True,True,True,True,True,False,False,False,False
UBE2J1,ENSG00000198833,True,True,True,True,True,True,True,True,True,True,True,True,True
MT-ND4,ENSG00000198886,True,True,True,True,True,True,True,True,True,False,False,False,False
SHISA4,ENSG00000198892,False,False,False,False,False,False,True,True,True,False,False,False,False
CAPZA2,ENSG00000198898,True,True,True,True,True,True,True,True,True,True,False,True,False
KIAA0753,ENSG00000198920,False,False,False,False,False,False,True,True,True,True,True,True,True
KIF1BP,ENSG00000198954,True,True,True,True,True,True,True,True,True,True,True,True,True
OR2L2,ENSG00000203663,False,False,False,False,False,False,False,False,False,False,False,False,False
COX20,ENSG00000203667,True,True,True,True,True,True,True,True,True,False,False,False,False
SPRR2E,ENSG00000203785,False,False,False,False,False,False,False,False,False,False,False,False,False
PCMTD2,ENSG00000203880,True,True,True,True,True,True,True,True,True,True,False,True,False
C1orf185,ENSG00000204006,False,False,False,False,False,False,False,False,False,False,False,False,False
GIGYF2,ENSG00000204120,True,True,True,True,True,True,True,True,True,True,False,True,False
RUFY2,ENSG00000204130,True,True,True,True,True,True,True,True,True,True,False,True,False
NHSL2,ENSG00000204131,False,False,False,False,False,False,False,False,False,False,False,False,False
ZDHHC18,ENSG00000204160,True,True,True,True,True,True,False,False,False,True,False,True,False
DAXX,ENSG00000204209,True,True,True,True,True,True,True,True,True,True,True,True,True
PFDN6,ENSG00000204220,True,True,True,True,True,True,True,True,True,True,False,True,False
RING1,ENSG00000204227,True,True,True,True,True,True,True,True,True,True,False,True,False
PSMB8,ENSG00000204264,False,False,False,False,False,False,True,True,True,True,True,True,True
PJVK,ENSG00000204311,False,False,False,False,False,False,False,False,False,False,False,False,False
SKIV2L,ENSG00000204351,True,True,True,True,True,True,True,True,True,True,True,True,True
SPANXN5,ENSG00000204363,False,False,False,False,False,False,False,False,False,False,False,False,False
HSPA1A,ENSG00000204389,True,True,True,True,True,True,True,True,True,True,True,True,True
MPIG6B,ENSG00000204420,True,True,True,True,True,True,False,False,False,True,False,True,False
PRAMEF14,ENSG00000204481,False,False,False,False,False,False,False,False,False,False,False,False,False
MICB,ENSG00000204516,True,True,True,True,True,True,False,False,False,True,False,True,False
ABCF1,ENSG00000204574,True,True,True,True,True,True,True,True,True,True,True,True,True
DDR1,ENSG00000204580,False,False,False,False,False,False,True,True,True,True,True,True,True
IL31,ENSG00000204671,False,False,False,False,False,False,False,False,False,False,False,False,False
MAS1L,ENSG00000204687,False,False,False,False,False,False,False,False,False,False,False,False,False
OR2J3,ENSG00000204701,False,False,False,False,False,False,False,False,False,True,False,True,False
TCTN1,ENSG00000204852,True,True,True,True,True,True,True,True,True,True,True,True,True
KRTAP1-4,ENSG00000204887,False,False,False,False,False,False,False,False,False,False,False,False,False
ZNF155,ENSG00000204920,False,False,False,False,False,False,False,False,False,True,False,True,False
ZNF425,ENSG00000204947,False,False,False,False,False,False,False,False,False,False,False,False,False
TRIM13,ENSG00000204977,True,True,True,True,True,True,True,True,True,True,True,True,True
FAM71F2,ENSG00000205085,False,False,False,False,False,False,False,False,False,False,False,False,False
PSMB10,ENSG00000205220,True,True,True,True,True,True,True,True,True,True,True,True,True
ADGRG1,ENSG00000205336,False,False,False,False,False,False,False,False,False,True,True,True,True
OR52J3,ENSG00000205495,False,False,False,False,False,False,False,False,False,False,False,False,False
OR51A4,ENSG00000205497,False,False,False,False,False,False,False,False,False,False,False,False,False
ARRDC5,ENSG00000205784,False,False,False,False,False,False,False,False,False,False,False,False,False
BHLHA9,ENSG00000205899,False,False,False,False,False,False,False,False,False,False,False,False,False
RNPS1,ENSG00000205937,True,True,True,True,True,True,True,True,True,True,True,True,True
JPT2,ENSG00000206053,True,True,True,True,True,True,True,True,True,True,True,True,True
FOXL2NB,ENSG00000206262,False,False,False,False,False,False,False,False,False,False,False,False,False
TMEM200C,ENSG00000206432,False,False,False,False,False,False,False,False,False,False,False,False,False
CFAP44,ENSG00000206530,False,False,False,False,False,False,False,False,False,True,False,True,False
SELENOH,ENSG00000211450,True,True,True,True,True,True,True,True,True,False,False,False,False
SACM1L,ENSG00000211456,True,True,True,True,True,True,True,True,True,True,True,True,True
TSN,ENSG00000211460,True,True,True,True,True,True,True,True,True,True,False,True,False
NUP62,ENSG00000213024,True,True,True,True,True,True,True,True,True,True,True,True,True
SCAF8,ENSG00000213079,True,True,True,True,True,True,True,True,True,True,False,True,False
MLLT11,ENSG00000213190,True,True,True,True,True,True,True,True,True,True,True,True,True
NRAS,ENSG00000213281,True,True,True,True,True,True,True,True,True,True,True,True,True
GSTM2,ENSG00000213366,False,False,False,False,False,False,False,False,False,True,True,True,True
ARHGAP19,ENSG00000213390,True,True,True,True,True,True,True,True,True,True,False,True,False
STIMATE,ENSG00000213533,True,True,True,False,False,False,True,True,True,True,True,True,True
C8orf82,ENSG00000213563,True,True,True,True,True,True,True,True,True,False,False,False,False
VDAC1,ENSG00000213585,True,True,True,True,True,True,True,True,True,True,True,True,True
PPM1N,ENSG00000213889,True,True,True,True,True,True,False,False,False,False,False,False,False
DNASE1,ENSG00000213918,True,True,True,False,False,False,False,False,False,True,False,True,False
CSNK1E,ENSG00000213923,True,True,True,True,True,True,True,True,True,True,True,True,True
REPIN1,ENSG00000214022,True,True,True,True,True,True,True,True,True,True,False,True,False
TSPAN4,ENSG00000214063,True,True,True,True,True,True,True,True,True,True,True,True,True
MYCBP,ENSG00000214114,True,True,True,True,True,True,True,True,True,True,True,True,True
MINDY4B,ENSG00000214237,False,False,False,False,False,False,False,False,False,False,False,False,False
FIS1,ENSG00000214253,True,True,True,True,True,True,True,True,True,True,True,True,True
DEFB133,ENSG00000214643,False,False,False,False,False,False,False,False,False,False,False,False,False
ZNF727,ENSG00000214652,False,False,False,False,False,False,False,False,False,False,False,False,False
IFRD2,ENSG00000214706,True,True,True,True,True,True,True,True,True,True,True,True,True
FASTKD5,ENSG00000215251,True,True,True,True,True,True,True,True,True,True,True,True,True
GAGE10,ENSG00000215274,False,False,False,False,False,False,False,False,False,False,False,False,False
ZNF705D,ENSG00000215343,False,False,False,False,False,False,False,False,False,False,False,False,False
NPEPL1,ENSG00000215440,False,False,False,False,False,False,True,True,True,True,True,True,True
DEFB116,ENSG00000215545,False,False,False,False,False,False,False,False,False,False,False,False,False
CEBPZOS,ENSG00000218739,True,True,True,True,True,True,True,True,True,False,False,False,False
PLXNA4,ENSG00000221866,False,False,False,False,False,False,False,False,False,False,False,False,False
CEBPD,ENSG00000221869,True,True,True,True,True,True,False,False,False,True,True,True,True
APOL6,ENSG00000221963,False,False,False,False,False,False,False,False,False,True,False,True,False
CCNL2,ENSG00000221978,True,True,True,True,True,True,True,True,True,True,False,True,False
OR52B4,ENSG00000221996,False,False,False,False,False,False,False,False,False,False,False,False,False
CDRT15,ENSG00000223510,False,False,False,False,False,False,False,False,False,False,False,False,False
USP17L15,ENSG00000223569,False,False,False,False,False,False,False,False,False,False,False,False,False
PLEKHM1,ENSG00000225190,False,False,False,False,False,False,True,True,True,True,True,True,True
C14orf132,ENSG00000227051,False,False,False,False,False,False,False,False,False,True,False,True,False
PARG,ENSG00000227345,True,True,True,True,True,True,True,True,True,True,False,True,False
LTB,ENSG00000227507,True,True,True,False,False,False,False,False,False,True,False,True,False
C2orf92,ENSG00000228486,False,False,False,False,False,False,False,False,False,False,False,False,False
FNDC10,ENSG00000228594,True,True,True,True,True,True,False,False,False,False,False,False,False
ARL17B,ENSG00000228696,False,False,False,False,False,False,False,False,False,False,False,False,False
CCDC192,ENSG00000230561,False,False,False,False,False,False,False,False,False,False,False,False,False
HSBP1,ENSG00000230989,True,True,True,True,True,True,True,True,True,True,False,True,False
PLSCR5,ENSG00000231213,False,False,False,False,False,False,False,False,False,False,False,False,False
RNF224,ENSG00000233198,False,False,False,False,False,False,False,False,False,False,False,False,False
IFNA13,ENSG00000233816,False,False,False,False,False,False,False,False,False,False,False,False,False
UQCRHL,ENSG00000233954,True,True,True,True,True,True,False,False,False,False,False,False,False
PAGE2,ENSG00000234068,False,False,False,False,False,False,False,False,False,False,False,False,False
TRIM26,ENSG00000234127,True,True,True,True,True,True,True,True,True,True,False,True,False
MCIDAS,ENSG00000234602,False,False,False,False,False,False,False,False,False,False,False,False,False
BRD3OS,ENSG00000235106,False,False,False,False,False,False,True,True,True,True,False,True,False
MFRP,ENSG00000235718,False,False,False,False,False,False,False,False,False,False,False,False,False
PATE3,ENSG00000236027,False,False,False,False,False,False,False,False,False,False,False,False,False
ZBTB22,ENSG00000236104,False,False,False,False,False,False,False,False,False,True,False,True,False
AL354761.1,,False,False,False,False,False,False,False,False,False,False,False,False,False
ARHGEF38,ENSG00000236699,False,False,False,False,False,False,False,False,False,True,False,True,False
CKMT1B,ENSG00000237289,False,False,False,False,False,False,False,False,False,False,False,False,False
PATE4,ENSG00000237353,False,False,False,False,False,False,False,False,False,False,False,False,False
TMEM250,ENSG00000238227,True,True,True,True,True,True,True,True,True,False,False,False,False
TEX35,ENSG00000240021,False,False,False,False,False,False,False,False,False,False,False,False,False
LY6G5B,ENSG00000240053,True,True,True,False,False,False,False,False,False,False,False,False,False
SMKR1,ENSG00000240204,False,False,False,False,False,False,False,False,False,False,False,False,False
PCDHGC5,ENSG00000240764,False,False,False,False,False,False,False,False,False,False,False,False,False
MIF,ENSG00000240972,True,True,True,True,True,True,True,True,True,True,True,True,True
KRTAP5-8,ENSG00000241233,False,False,False,False,False,False,False,False,False,True,False,True,False
SERPINB10,ENSG00000242550,False,False,False,False,False,False,False,False,False,True,False,True,False
PRAF2,ENSG00000243279,False,False,False,False,False,False,True,True,True,True,True,True,True
AMY2A,ENSG00000243480,False,False,False,False,False,False,False,False,False,False,False,False,False
UPK3B,ENSG00000243566,False,False,False,False,False,False,False,False,False,True,False,True,False
IL10RB,ENSG00000243646,True,True,True,True,True,True,True,True,True,True,False,True,False
UBE2V1,ENSG00000244687,True,True,True,True,True,True,True,True,True,False,False,False,False
CEBPA,ENSG00000245848,False,False,False,False,False,False,False,False,False,True,True,True,True
TWF2,ENSG00000247596,True,True,True,True,True,True,True,True,True,True,True,True,True
INSL3,ENSG00000248099,False,False,False,False,False,False,False,False,False,True,False,True,False
SPATS1,ENSG00000249481,False,False,False,False,False,False,False,False,False,False,False,False,False
HS3ST5,ENSG00000249853,False,False,False,False,False,False,False,False,False,False,False,False,False
PTTG2,ENSG00000250254,False,False,False,False,False,False,False,False,False,True,False,True,False
AC010255.3,,False,False,False,False,False,False,False,False,False,False,False,False,False
USP17L23,ENSG00000250913,False,False,False,False,False,False,False,False,False,False,False,False,False
PRB1,ENSG00000251655,False,False,False,False,False,False,False,False,False,True,False,True,False
PTX4,ENSG00000251692,False,False,False,False,False,False,False,False,False,False,False,False,False
OC90,ENSG00000253117,False,False,False,False,False,False,False,False,False,False,False,False,False
PCDHGA12,ENSG00000253159,False,False,False,False,False,False,False,False,False,False,False,False,False
HOXA10,ENSG00000253293,False,False,False,False,False,False,False,False,False,True,True,True,True
CLDN23,ENSG00000253958,False,False,False,False,False,False,False,False,False,False,False,False,False
ZNF260,ENSG00000254004,True,True,True,True,True,True,True,True,True,False,False,False,False
LYN,ENSG00000254087,True,True,True,True,True,True,True,True,True,True,True,True,True
PINX1,ENSG00000254093,True,True,True,True,True,True,True,True,True,False,False,False,False
NPIPB11,ENSG00000254206,False,False,False,False,False,False,False,False,False,False,False,False,False
CHMP4A,ENSG00000254505,True,True,True,True,True,True,True,True,True,True,True,True,True
SMIM35,ENSG00000255274,False,False,False,False,False,False,False,False,False,False,False,False,False
OR6J1,ENSG00000255804,False,False,False,False,False,False,False,False,False,False,False,False,False
COA8,ENSG00000256053,True,True,True,True,True,True,True,True,True,False,False,False,False
ZNF225,ENSG00000256294,False,False,False,False,False,False,False,False,False,True,False,True,False
POLG2,ENSG00000256525,True,True,True,True,True,True,False,False,False,True,True,True,True
CNPY2,ENSG00000257727,True,True,True,True,True,True,True,True,True,True,False,True,False
SLC22A31,ENSG00000259803,False,False,False,False,False,False,False,False,False,False,False,False,False
RBM15B,ENSG00000259956,True,True,True,True,True,True,True,True,True,True,True,True,True
KCNJ18,ENSG00000260458,False,False,False,False,False,False,False,False,False,False,False,False,False
FIGNL2,ENSG00000261308,False,False,False,False,False,False,False,False,False,False,False,False,False
SCRT1,ENSG00000261678,False,False,False,False,False,False,False,False,False,True,False,True,False
MIA,ENSG00000261857,False,False,False,False,False,False,False,False,False,True,False,True,False
IKBKE,ENSG00000263528,False,False,False,False,False,False,False,False,False,True,True,True,True
NBPF15,ENSG00000266338,False,False,False,False,False,False,False,False,False,False,False,False,False
UPK3BL1,ENSG00000267368,True,True,True,True,True,True,True,True,True,False,False,False,False
EDDM13,ENSG00000267710,False,False,False,False,False,False,False,False,False,False,False,False,False
TRABD2B,ENSG00000269113,False,False,False,False,False,False,False,False,False,False,False,False,False
PRAMEF5,ENSG00000270601,False,False,False,False,False,False,False,False,False,False,False,False,False
ANKRD34A,ENSG00000272031,False,False,False,False,False,False,False,False,False,False,False,False,False
GRIN2B,ENSG00000273079,False,False,False,False,False,False,False,False,False,True,False,True,False
NBPF26,ENSG00000273136,False,False,False,False,False,False,False,False,False,False,False,False,False
ZBTB8B,ENSG00000273274,False,False,False,False,False,False,False,False,False,False,False,False,False
AGBL1,ENSG00000273540,False,False,False,False,False,False,False,False,False,False,False,False,False
CEACAM20,ENSG00000273777,False,False,False,False,False,False,False,False,False,False,False,False,False
NUDT18,ENSG00000275074,False,False,False,False,False,False,False,False,False,True,False,True,False
FCGBP,ENSG00000275395,False,False,False,False,False,False,False,False,False,True,False,True,False
DUSP14,ENSG00000276023,True,True,True,True,True,True,True,True,True,True,True,True,True
CCL3L1,ENSG00000277768,False,False,False,False,False,False,False,False,False,False,False,False,False
HIST1H4I,ENSG00000276180,False,False,False,False,False,False,False,False,False,False,False,False,False
KCNE1B,,False,False,False,False,False,False,False,False,False,False,False,False,False
PIP4K2B,ENSG00000276293,True,True,True,True,True,True,True,True,True,True,True,True,True
PKD1L3,ENSG00000277481,False,False,False,False,False,False,False,False,False,False,False,False,False
TEX28,ENSG00000278057,False,False,False,False,False,False,False,False,False,True,False,True,False
OR8K3,ENSG00000280314,False,False,False,False,False,False,False,False,False,False,False,False,False
PAGR1,ENSG00000280789,True,True,True,True,True,True,True,True,True,False,False,False,False
SPRR5,ENSG00000283227,False,False,False,False,False,False,False,False,False,False,False,False,False
FAM237B,ENSG00000283267,False,False,False,False,False,False,False,False,False,False,False,False,False
FAM240B,ENSG00000283329,False,False,False,False,False,False,False,False,False,False,False,False,False
C19orf85,ENSG00000283567,False,False,False,False,False,False,False,False,False,False,False,False,False
SLURP2,ENSG00000283992,False,False,False,False,False,False,False,False,False,False,False,False,False
SCO2,ENSG00000284194,True,True,True,True,True,True,True,True,True,True,False,True,False
AC084121.12,,False,False,False,False,False,False,False,False,False,False,False,False,False
